id,question,generated_answer,reference_answer
7a17050904b4987975dc24bd4f20c59bc15399a1141a232d41c2beb82c1cdda63d476c45b594e0782db9f52bd07066f84099d4f112a1882fb19abab0b99d0dc8,Πώς κατοχυρώνονται νομικά το απόρρητο της εξομολόγησης και το δικαίωμα του κληρικού να αρνηθεί μαρτυρία ενώπιον των αρχών;,"Το απόρρητο της εξομολόγησης και το δικαίωμα του κληρικού να αρνηθεί μαρτυρία προστατεύονται νομικά μέσω της **θρησκευτικής ελευθερίας** και της **απαγόρευσης της καταδίκης** (ή ""privilege of attorney"").  Αυτό σημαίνει ότι οι πληροφορίες που αποκαλύπτονται σε ένα κλήρο κατά τη διάρκεια της εξομολόγησης είναι γενικά **ασυμπώρητες** (not admissible) σε δικαστικές διαδικασίες.  Ωστόσο, υπάρχουν **εξαιρέσεις**, όπως σε περιπτώσεις που υπάρχει **επιstice πρόفرقυς** (imminent threat) για τη ζωή ή την ασφάλεια άλλων.
","Ελλείψει άλλης αναφοράς, ισχύει το ελληνικό δίκαιο (τρέχον έτος).

- Σύνταγμα: Άρθρο 13 κατοχυρώνει την ελευθερία της θρησκευτικής συνείδησης και λατρείας, από την οποία απορρέει και η προστασία του απορρήτου της εξομολόγησης.
- ΕΣΔΑ: Άρθρο 9 (θρησκευτική ελευθερία) ενισχύει την προστασία αυτή.
- Κώδικας Ποινικής Δικονομίας: Άρθρο 212 απαγορεύει την εξέταση ιερέων/κληρικών (κάθε γνωστής θρησκείας) ως μαρτύρων για όσα έμαθαν λόγω εξομολόγησης ή ποιμαντικής διακονίας· συνεπώς έχουν δικαίωμα να αρνηθούν κατάθεση επ’ αυτών.
- Κώδικας Πολιτικής Δικονομίας: Ρητή πρόβλεψη δικαιώματος άρνησης μαρτυρίας για όσους δεσμεύονται από επαγγελματικό/θρησκευτικό απόρρητο (καλύπτει και κληρικούς).
- Ποινικός Κώδικας: Άρθρο 371 (παραβίαση επαγγελματικού απορρήτου) τιμωρεί την αποκάλυψη απορρήτων που εμπιστεύθηκαν λόγω ιδιότητας – καταλαμβάνει και το ιερατικό/εξομολογητικό απόρρητο.
- Εκκλησιαστικό δίκαιο: Ο Καταστατικός Χάρτης της Εκκλησίας της Ελλάδος (Ν. 590/1977) και οι ιερoί κανόνες επιβάλλουν απόλυτο πειθαρχικό καθήκον τήρησης του απορρήτου της εξομολόγησης.

Συνοπτικά: ο κληρικός δεν μπορεί να εξαναγκαστεί να καταθέσει για όσα γνωρίζει από την εξομολόγηση, και η αποκάλυψή τους επιφέρει ποινικές και πειθαρχικές συνέπειες."
