id,question,answers,best_answer,best_answer_index
1,"Για να επισκεφθεί κανείς τον εξώστη του Λευκού Πύργου,","Α. ""χρειάζεται να ανέβει τους έξι ορόφους του πύργου (μέσω του εσωτερικού κλιμακοστάσιου, το οποίο ελίσσεται κοχλιωτά και σε επαφή με τον εξωτερικό τοίχο).""

Β. ""χρειάζεται να ανέβει τους έξι ορόφους του πύργου (μέσω του εξωτερικού κλιμακοστάσιου, το οποίο ελίσσεται κοχλιωτά και σε επαφή με τον εξωτερικό τοίχο).""","χρειάζεται να ανέβει τους έξι ορόφους του πύργου (μέσω του εσωτερικού κλιμακοστάσιου, το οποίο ελίσσεται κοχλιωτά και σε επαφή με τον εξωτερικό τοίχο).",Α
2,Το Στάδιο Ειρήνης και Φιλίας χτίστηκε,"Α. ""το 1985 απέναντι από το Στάδιο Καραϊσκάκη στο δυτικό άκρο του Φαληρικού Όρμου.""

Β. ""το 1985 απέναντι από το Στάδιο Καραϊσκάκη στο ανατολικό άκρο του Φαληρικού Όρμου.""",το 1985 απέναντι από το Στάδιο Καραϊσκάκη στο ανατολικό άκρο του Φαληρικού Όρμου.,Β
3,"Αν θέλει κανείς να ταξιδέψει από την πρωτεύουσα της Περιφέρειας Ηπείρου προς την πρωτεύουσα της Περιφέρειας Πελοποννήσου,","Α. ""λογικά θα περάσει πρώτα από το Αντίρριο και μετά από το Ρίο.""

Β. ""λογικά θα περάσει πρώτα από το Ρίο και μετά από το Αντίρριο.""",λογικά θα περάσει πρώτα από το Αντίρριο και μετά από το Ρίο.,Α
4,"Κατεβαίνοντας την οδό Πανεπιστημίου στο κέντρο της Αθήνας, θα περάσεις μπροστά από τα εξής κτήρια της ""Αθηναϊκής Τριλογίας"":","Α. ""Ακαδημία, Πανεπιστήμιο, Βιβλιοθήκη.""

Β. ""Πανεπιστήμιο, Βιβλιοθήκη, Ακαδημία.""","Ακαδημία, Πανεπιστήμιο, Βιβλιοθήκη.",Α
5,Το ανατολικότερο άκρο της Ελλάδας είναι,"Α. ""το νησί Καστελλόριζο.""

Β. ""το νησί Στρογγύλη.""",το νησί Στρογγύλη.,Β
6,Στο δυτικότερο σημείο της Ελλάδας βρίσκεται,"Α. ""το νησί Οθωνοί.""

Β. ""το νησί Ερείκουσα.""",το νησί Οθωνοί.,Α
7,Το Ορμένιο είναι,"Α. ""η βορειότερη κατοικημένη περιοχή της Ελλάδας.""

Β. ""η βορειότερη περιοχή της Ελλάδας.""",η βορειότερη κατοικημένη περιοχή της Ελλάδας.,Α
8,Ποιο νησί βρίσκεται στο νοτιότερο σημείο της Ελλάδας;,"Α. ""Το νησί Χρυσή (Γαϊδουρονήσι).""

Β. ""Το νησί Γαύδος.""",Το νησί Γαύδος.,Β
9,Οι κοίτες δύο ποταμών Α και Β έχουν μήκος 10 και 18 χιλιόμετρα αντίστοιχα. Οι πηγές του Α απέχουν από την εκβολή του 8 χιλιόμετρα. Οι πηγές του Β απέχουν από την εκβολή του 16 χιλιόμετρα.,"Α. ""Η μαιανδρικότητα του Α είναι μεγαλύτερη από αυτή του Β.""

Β. ""Η μαιανδρικότητα του Α είναι μικρότερη από αυτή του Β.""",Η μαιανδρικότητα του Α είναι μεγαλύτερη από αυτή του Β.,Α
10,Ποιο είναι το βασικό συστατικό των γλυκών που φτιάχνουν οι ορεσίβιοι Σαρακατσάνοι;,"Α. ""Το γάλα.""

Β. ""Το σιτάρι.""",Το γάλα.,Α
11,Το στιφάδο παρασκευάζεται με κρέας,"Α. ""από άγριο ζώο.""

Β. ""από άγριο ή ήμερο ζώο.""",από άγριο ή ήμερο ζώο.,Β
12,"Αν στο μείγμα του τραχανά πέσει περισσότερο γάλα από όσο πρέπει,","Α. ""τότε ο τραχανάς γίνεται πιο παχύς.""

Β. ""τότε ο τραχανάς γίνεται πιο αραιός.""",τότε ο τραχανάς γίνεται πιο παχύς.,Α
13,"Αν στον τραχανά πέσει περισσότερο σιτάρι από όσο πρέπει,","Α. ""τότε ο τραχανάς γίνεται πιο πηχτός.""

Β. ""τότε ο τραχανάς γίνεται πιο ξερός.""",τότε ο τραχανάς γίνεται πιο ξερός.,Β
14,Πότε είναι έτοιμος να φαγωθεί ο τραχανάς;,"Α. ""Όταν βράσει καλά και πήξει.""

Β. ""Όταν βράσει καλά και στεγνώσει.""",Όταν βράσει καλά και στεγνώσει.,Β
15,Γιατί στα χωριά ο τραχανάς απλώνεται το καλοκαίρι;,"Α. ""Γιατί η διαδικασία ολοκληρώνεται πιο εύκολα με τον ήλιο επειδή έχει ζέστη.""

Β. ""Γιατί η διαδικασία ολοκληρώνεται πιο εύκολα με τον ήλιο επειδή έχει φως.""",Γιατί η διαδικασία ολοκληρώνεται πιο εύκολα με τον ήλιο επειδή έχει ζέστη.,Α
16,"Για να στραγγίξει το τυρί από το τυρόγαλο,","Α. ""το βάζουν σε τσαντίλα και το κρεμάνε ψηλά.""

Β. ""το βάζουν σε τσαντίλα και το χτυπάνε καλά.""",το βάζουν σε τσαντίλα και το κρεμάνε ψηλά.,Α
17,Πώς φτιάχνεται παραδοσιακά η μυζήθρα από το ξινόγαλο;,"Α. ""Το ξινόγαλο βράζει και η μυζήθρα βγαίνει στην επιφάνεια του δοχείου.""

Β. ""Το ξινόγαλο βράζει και η μυζήθρα μένει στον πάτο του δοχείου.""",Το ξινόγαλο βράζει και η μυζήθρα βγαίνει στην επιφάνεια του δοχείου.,Α
18,Τι πρέπει να έχει γίνει στο ταψί πριν τοποθετηθεί πάνω του το φύλλο για πίτα;,"Α. ""Να έχει αλευρωθεί.""

Β. ""Να έχει λαδωθεί.""",Να έχει λαδωθεί.,Β
19,Το τσάι του βουνού βρίσκεται,"Α. ""σε υψόμετρο άνω των 900 μέτρων.""

Β. ""σε υψόμετρο άνω των 1.500 μέτρων.""",σε υψόμετρο άνω των 900 μέτρων.,Α
20,Τι υλικά προστίθενται στο πράσο στην παραδοσιακή πίτα με πλιγούρι;,"Α. ""Βρασμένο πλιγούρι και τυρί.""

Β. ""Ωμό πλιγούρι και τυρί.""",Βρασμένο πλιγούρι και τυρί.,Α
21,Οι παραδοσιακές φορεσιές των Σαρακατσάνων,"Α. ""σπάνια είχαν αυστηρά γεωμετρικά σχέδια.""

Β. ""είχαν πάντα αυστηρά γεωμετρικά σχέδια.""",σπάνια είχαν αυστηρά γεωμετρικά σχέδια.,Α
22,"Η φυγοκεντρική μηχανή ενός ελαιοτριβείου έχει την ικανότητα επεξεργασίας προϊόντων με σημαντικό στερεό περιεχόμενο σε μια υψηλή απόδοση διαύγασης. Καθώς η φυγόκεντρος περιστρέφεται, τα βαρύτερα στερεά σωματίδια, όπως το δέρμα της ελιάς και ο πολτός, πιέζονται προς τα εξωτερικά τοιχώματα του τυμπάνου της φυγοκέντρησης, ενώ τα ελαφρύτερα υγρά συστατικά, συμπεριλαμβανομένου του νερού και του λαδιού, κινούνται προς το κέντρο.","Α. ""Στη συνέχεια, το μίγμα λαδιού και νερού διαχωρίζεται περαιτέρω. Το ένα μέρος, το οποίο περιέχει υπολειμματικό νερό και ακαθαρσίες, κινείται προς το εξωτερικό άκρο και αποβάλλεται μέσω μιας ξεχωριστής εξόδου. Το ελαιόλαδο, έχοντας μικρότερη πυκνότητα, συσσωρεύεται στο κέντρο και συλλέγεται για περαιτέρω επεξεργασία.""

Β. ""Στη συνέχεια, το μίγμα λαδιού και νερού διαχωρίζεται περαιτέρω. Το ένα μέρος, το οποίο περιέχει υπολειμματικό νερό και ακαθαρσίες, κινείται προς το κέντρο και αποβάλλεται μέσω μιας ξεχωριστής εξόδου. Το ελαιόλαδο, έχοντας μεγαλύτερη πυκνότητα, συσσωρεύεται στο εξωτερικό άκρο και συλλέγεται για περαιτέρω επεξεργασία.""","Στη συνέχεια, το μίγμα λαδιού και νερού διαχωρίζεται περαιτέρω. Το ένα μέρος, το οποίο περιέχει υπολειμματικό νερό και ακαθαρσίες, κινείται προς το εξωτερικό άκρο και αποβάλλεται μέσω μιας ξεχωριστής εξόδου. Το ελαιόλαδο, έχοντας μικρότερη πυκνότητα, συσσωρεύεται στο κέντρο και συλλέγεται για περαιτέρω επεξεργασία.",Α
23,"Κατά την επιλογή και/ή διαμόρφώση χώρου (γηπέδου) για ένα φωτοβολταϊκό πάρκο στον Ελλαδικό χώρο, πρέπει να επιδιώκονται τα εξής:","Α. ""α) η κλίση του γηπέδου προς το βορρά, β) η μικρή υψομετρική διαφορά μεταξύ ανατολικής και δυτικής πλευράς και γ) οι γειτονικές παρεμποδίσεις να βρίσκονται στο νότο""

Β. ""α) η κλίση του γηπέδου προς το νότο, β) η μικρή υψομετρική διαφορά μεταξύ ανατολικής και δυτικής πλευράς και γ) οι γειτονικές παρεμποδίσεις να βρίσκονται στο βορρά""","α) η κλίση του γηπέδου προς το νότο, β) η  μικρή υψομετρική διαφορά μεταξύ ανατολικής και δυτικής πλευράς και γ) οι γειτονικές παρεμποδίσεις να βρίσκονται στο βορρά",Β
24,"Κατά τη χύτευση λεπτών και μικρών αντικειμένων,","Α. ""προτιμάται ο χυτοσίδηρος από τον χυτοχάλυβα, καθώς ο δεύτερος είναι περισσότερο παχύρρευστος.""

Β. ""προτιμάται ο χυτοχάλυβας από τον χυτοσίδηρο, καθώς ο πρώτος είναι περισσότερο παχύρρευστος.""","προτιμάται ο χυτοσίδηρος από τον χυτοχάλυβα, καθώς ο δεύτερος είναι περισσότερο παχύρρευστος.",Α
25,"Στην τόρνευση, σημαντική είναι η γωνία τοποθέτησης κ ανάμεσα στην κύρια κοπτική ακμή και στην κατεργαζόμενη επιφάνεια.","Α. ""Όταν η γωνία κ είναι μικρή, το πάχος του αποβλίττου είναι μικρό αλλά η κατανομή της φόρτισης στο εργαλείο γίνεται σε μια πολύ μικρή περιοχή του. Αυτό έχει ως συνέπεια την ελάττωση του χρόνου ζωής του κοπτικού εργαλείου.""

Β. ""Όταν η γωνία κ είναι μεγάλη, το πάχος του αποβλίττου είναι μικρό αλλά η κατανομή της φόρτισης στο εργαλείο γίνεται σε μια πολύ μικρή περιοχή του. Αυτό έχει ως συνέπεια την ελάττωση του χρόνου ζωής του κοπτικού εργαλείου.""","Όταν η γωνία κ είναι μεγάλη, το πάχος του αποβλίττου είναι μικρό αλλά η κατανομή της φόρτισης στο εργαλείο γίνεται σε μια πολύ μικρή περιοχή του. Αυτό έχει ως συνέπεια την ελάττωση του χρόνου ζωής του κοπτικού εργαλείου.",Β
26,Στις δοκιμές σκληρότητας υλικών που έχουν υποστεί κατεργασίες σκλήρυνσης (όπως οι θερμικά κατεργασμένοι χάλυβες),"Α. ""χρησιμοποιούνται διεισδυτές από σκληρυμένο χάλυβα για τη σκληρομέτρηση.""

Β. ""χρησιμοποιούνται διεισδυτές από διαμάντι για τη σκληρομέτρηση.""",χρησιμοποιούνται διεισδυτές από σκληρυμένο χάλυβα για τη σκληρομέτρηση.,Α
27,"Στην επεξεργασία του ξύλου,","Α. ""παράγονται κόντρα πλακέ θαλάσσης από καπλαμάδες.""

Β. ""παράγονται καπλαμάδες από κόντρα πλακέ θαλάσσης.""",παράγονται κόντρα πλακέ θαλάσσης από καπλαμάδες.,Α
28,Η ξυλεία πρώτης ποιότητας,"Α. ""συνήθως αποτελείται από κυλινδρόσχημα κορμοτεμάχια.""

Β. ""συνήθως αποτελείται από κωνικόμορφα κορμοτεμάχια.""",συνήθως αποτελείται από κυλινδρόσχημα κορμοτεμάχια.,Α
29,"Σε αντίθεση με τα μέταλλα,","Α. ""το ξύλο έχει διαφορετική μηχανική αντοχή σε διαφορετικές αυξητικές διευθύνσεις (αξονικά, εγκάρσια).""

Β. ""το ξύλο έχει παρόμοια μηχανική αντοχή σε διαφορετικές αυξητικές διευθύνσεις (αξονικά, εγκάρσια).""","το ξύλο έχει διαφορετική μηχανική αντοχή σε διαφορετικές αυξητικές διευθύνσεις (αξονικά, εγκάρσια).",Α
30,Πώς καταλαβαίνω ότι δεν λειτουργεί ο ανεμιστήρας του κινητήρα;,"Α. ""Από τον δείκτη θερμοκρασίας.""

Β. ""Από τον δείκτη του μανόμετρου.""",Από τον δείκτη θερμοκρασίας.,Α
31,"Αν ανάψει η λυχνία για το λάδι του κινητήρα,","Α. ""ελέγχω τη στάθμη λαδιού του κινητήρα.""

Β. ""αλλάζω τα λάδια του κινητήρα.""",ελέγχω τη στάθμη λαδιού του κινητήρα.,Α
32,Τα ελαστικά του ίδιου άξονα πρέπει να έχουν,"Α. ""διαφορετική μορφή πέλματος και ίδιο βαθμό φθοράς.""

Β. ""ίδια μορφή πέλματος και ίδιο βαθμό φθοράς.""",ίδια μορφή πέλματος και ίδιο βαθμό φθοράς.,Β
33,Τα μπουλόνια που συγκρατούν τον τροχό ξεσφίγγονται,"Α. ""ενώ ο τροχός ακουμπά στο έδαφος.""

Β. ""ενώ ο τροχός βρίσκεται στον αέρα.""",ενώ ο τροχός ακουμπά στο έδαφος.,Α
34,Η έλλειψη ψυκτικού υγρού στο ψυγείο του αυτοκινήτου μπορεί να οδηγήσει,"Α. ""σε ένδειξη χαμηλής θερμοκρασίας.""

Β. ""σε ένδειξη υψηλής θερμοκρασίας.""",σε ένδειξη υψηλής θερμοκρασίας.,Β
35,"Τι είδους νερό προτιμάται τον χειμώνα, για να αποφεύγεται το ράγισμα του κινητήρα;","Α. ""Απεσταγμένο νερό.""

Β. ""Αντιπηκτικό νερό.""",Αντιπηκτικό νερό.,Β
36,Η ξαφνική παύση της λειτουργίας σε ορισμένα φώτα του αυτοκινήτου μπορεί να σημαίνει,"Α. ""βλάβη στην μπαταρία.""

Β. ""βλάβη σε κάποια ασφάλεια.""",βλάβη στην μπαταρία.,Α
37,Τι προστατευτικό μέτρο πρέπει να παίρνω όταν φορτίζω την μπαταρία με καλώδια;,"Α. ""Να φοράω μάσκα από μαλακό υλικό.""

Β. ""Να φοράω γάντια από καουτσούκ.""",Να φοράω γάντια από καουτσούκ.,Β
38,"Δεν επιτρέπεται να βάλω μπροστά με καλώδια εκκίνησης μπαταρίας, αυτοκίνητα με μπαταρίες","Α. ""που έχουν ζημιές στην καλωδίωση ή διαρροές μπαταρίας.""

Β. ""που έχουν ζημιές στην καλωδίωση.""",που έχουν  ζημιές στην καλωδίωση ή διαρροές μπαταρίας.,Α
39,Για να βάλω μπροστά ένα αυτοκίνητο με καλώδια εκκίνησης μπαταρίας,"Α. ""δεν πρέπει να υπάρχει έντονη οσμή καυσίμου.""

Β. ""δεν πρέπει να υπάρχει μειωμένη στάθμη καυσίμου.""",δεν πρέπει να υπάρχει έντονη οσμή καυσίμου.,Α
40,Πόση απόσταση πρέπει να έχουν μεταξύ τους δύο οχήματα που θα συνδεθούν με καλώδια φόρτισης μπαταρίας;,"Α. ""1 με 2 εκατοστά.""

Β. ""45 με 50 εκατοστά.""",45 με 50 εκατοστά.,Β
41,Ο οδηγός φρέναρε απότομα και έτσι οι τροχοί σταμάτησαν να περιστρέφονται.,"Α. ""Το αυτοκίνητο σταμάτησε σε μεγαλύτερη απόσταση αφού πλέον η επιβράδυνση οφειλόταν στην τριβή ολίσθησης και όχι στην στατική τριβή.""

Β. ""Το αυτοκίνητο σταμάτησε σε μικρότερη απόσταση αφού πλέον η επιβράδυνση οφειλόταν στην τριβή ολίσθησης και όχι στην στατική τριβή.""",Το αυτοκίνητο σταμάτησε σε μεγαλύτερη απόσταση αφού πλέον η επιβράδυνση οφειλόταν στην τριβή ολίσθησης και όχι στην στατική τριβή.,Α
42,Ζήτησε από τον υπάλληλο να μην ασχοληθεί με το εσωτερικό του αυτοκινήτου.,"Α. ""Εκείνος όμως έπλυνε και τα πατάκια.""

Β. ""Εκείνος όμως έπλυνε και το παρμπρίζ.""",Εκείνος όμως έπλυνε και τα πατάκια.,Α
43,"Σε περίπτωση που δεν διαθέτουμε πυξίδα, μπορούμε να προσανατολιστούμε με τον εξής τρόπο στην ύπαιθρο:","Α. ""Στερεώνουμε κατακόρυφα στο έδαφος ένα ξύλο με τέτοιο ύψος ώστε να αφήνει μια ευδιάκριτη σκιά στο έδαφος και σημαδεύουμε την άκρη της σκιάς. Περιμένουμε ώσπου να μετακινηθεί η σκιά περίπου 40 εκ. και σημαδεύουμε τη νέα θέση. Ενώνουμε τα δύο σημεία με μια ευθεία. Το πρώτο σημείο που σημαδέψαμε είναι το Ανατολικό, ενώ το δεύτερο είναι το Δυτικό. Η ευθεία δείχνει τον άξονα Ανατολής-Δύσης.""

Β. ""Στερεώνουμε κατακόρυφα στο έδαφος ένα ξύλο με τέτοιο ύψος ώστε να αφήνει μια ευδιάκριτη σκιά στο έδαφος και σημαδεύουμε την άκρη της σκιάς. Περιμένουμε ώσπου να μετακινηθεί η σκιά περίπου 40 εκ. και σημαδεύουμε τη νέα θέση. Ενώνουμε τα δύο σημεία με μια ευθεία. Το πρώτο σημείο που σημαδέψαμε είναι το Δυτικό, ενώ το δεύτερο είναι το Ανατολικό. Η ευθεία δείχνει τον άξονα Ανατολής-Δύσης.""","Στερεώνουμε κατακόρυφα στο έδαφος ένα ξύλο με τέτοιο ύψος ώστε να αφήνει μια ευδιάκριτη σκιά στο έδαφος και σημαδεύουμε την άκρη της σκιάς. Περιμένουμε ώσπου να μετακινηθεί η σκιά περίπου 40 εκ. και σημαδεύουμε τη νέα θέση. Ενώνουμε τα δύο σημεία με μια ευθεία.  Το πρώτο σημείο που σημαδέψαμε είναι το Δυτικό, ενώ το δεύτερο είναι το Ανατολικό. Η ευθεία δείχνει τον άξονα Ανατολής-Δύσης.",Β
44,"Για να καθαρίσουμε πουπουλένια μαξιλάρια,","Α. ""απαγορεύεται να τα πλύνουμε σε πλυντήριο ρούχων.""

Β. ""μπορούμε να τα πλύνουμε σε πλυντήριο ρούχων.""",μπορούμε να τα πλύνουμε σε πλυντήριο ρούχων.,Β
45,Η σωστή λαβή του ψαλιδιού γίνεται,"Α. ""τοποθετώντας τον αντίχειρα και τον μέσο στις δύο τρύπες.""

Β. ""τοποθετώντας τον αντίχειρα, τον δείκτη και τον μέσο στις δύο τρύπες.""",τοποθετώντας τον αντίχειρα και τον μέσο στις δύο τρύπες.,Α
46,Υπάρχουν κάποιες κατηγορίες ρούχων που καλό είναι να μην κρεμιούνται σε κρεμάστρες. Αυτές περιλαμβάνουν συνήθως,"Α. ""κοντομάνικα και μακρυμάνικα πουκάμισα.""

Β. ""κοντομάνικα και μακρυμάνικα μπλουζάκια.""",κοντομάνικα και μακρυμάνικα μπλουζάκια.,Β
47,"Σε ένα παλιό σπίτι, πιθανότερο είναι να φουσκώσει","Α. ""η πόρτα του μπάνιου.""

Β. ""η πόρτα της κρεβατοκάμαρας.""",η πόρτα του μπάνιου.,Α
48,Η γυναίκα μου ανησυχεί,"Α. ""μήπως ο σκύλος ξηλώσει την οπτική ίνα από το σοβατεπί του τοίχου.""

Β. ""μήπως ο σκύλος ξηλώσει την οπτική ίνα από την κορνίζα του τοίχου.""",μήπως ο σκύλος ξηλώσει την οπτική ίνα από το σοβατεπί του τοίχου.,Α
49,"Για να σβήσουμε με ασφάλεια μια εστία γκαζιού,","Α. ""κλείνουμε τις στρόφιγγες ανάποδα από τη φορά των δεικτών του ρολογιού.""

Β. ""κλείνουμε τις στρόφιγγες κατά τη φορά των δεικτών του ρολογιού.""",κλείνουμε τις στρόφιγγες κατά τη φορά των δεικτών του ρολογιού.,Β
50,"Στην ελληνική παράδοση, ο σιορ Διονύσιος του θεάτρου σκιών φοράει","Α. ""παντελόνι και φράκο.""

Β. ""παντελόνι και σακάκι.""",παντελόνι και φράκο.,Α
51,"Αν κατά το μαγείρεμα αναρωτιέστε πόσο πολύ πρέπει να προσθέσετε από κάποιο συστατικό,","Α. ""είναι προτιμότερο να προσθέσετε απλόχερα και να αφαιρέσετε αργότερα.""

Β. ""είναι προτιμότερο να προσθέσετε με φειδώ και να συμπληρώσετε αργότερα.""",είναι προτιμότερο να προσθέσετε με φειδώ και να συμπληρώσετε αργότερα.,Β
52,Ο Μορφονιός είναι ένα πρόσωπο του ελληνικού θεάτρου σκιών που εμφανίζεται ως,"Α. ""ψηλό, ξερακιανό με μεγάλη μύτη.""

Β. ""κοντό, μικροκαμωμένο με μεγάλη μύτη.""","κοντό, μικροκαμωμένο με μεγάλη μύτη.",Β
53,"Για να καλοτηγανίσω τις πατάτες,","Α. ""προσέχω να έχουν στραγγίξει καλά πριν να τις ρίξω στο τηγάνι.""

Β. ""προσέχω να έχουν μουλιάσει καλά πριν να τις ρίξω στο τηγάνι.""",προσέχω να έχουν μουλιάσει καλά πριν να τις ρίξω στο τηγάνι.,Β
54,"Στους μαρκαδόρους για ασπροπίνακα, το οινόπνευμα παίζει τον ρόλο του διαλύτη.","Α. ""Μέσα στο οινόπνευμα διαλύονται οι μικροΐνες του μαρκαδόρου για να φανεί το αποτύπωμά του.""

Β. ""Μέσα στο οινόπνευμα διαλύονται διάφορες χρωστικές για να δοθεί το χρώμα του.""",Μέσα στο οινόπνευμα διαλύονται διάφορες χρωστικές για να δοθεί το χρώμα του.,Β
55,Για την ολισθηρότητα του μαρκαδόρου πάνω στη λεία επιφάνεια του ασπροπίνακα,"Α. ""είναι υπεύθυνη μια λιπαρή ρητίνη.""

Β. ""είναι υπεύθυνη μια ξηρή ρητίνη.""",είναι υπεύθυνη μια λιπαρή ρητίνη.,Α
56,Γιατί το μπαλόνι μπορεί να αιωρείται;,"Α. ""Γιατί ο αέρας που περιέχει έχει μικρότερη πίεση από τον εξωτερικό αέρα της ατμόσφαιρας.""

Β. ""Γιατί ο αέρας που περιέχει έχει μεγαλύτερη πίεση από τον εξωτερικό αέρα της ατμόσφαιρας.""",Γιατί ο αέρας που περιέχει έχει μεγαλύτερη πίεση από τον εξωτερικό αέρα της ατμόσφαιρας.,Β
57,"Μετά την είσοδο στον ορθόδοξο ναό, ο επισκέπτης","Α. ""στράφηκε δεξιά για να ανάψει ένα κερί. Στη συνέχεια κοίταξε προς τ' αριστερά για να θαυμάσει το τέμπλο του ιερού.""

Β. ""στράφηκε αριστερά για να ανάψει ένα κερί. Στη συνέχεια κοίταξε προς τα δεξιά για να θαυμάσει το τέμπλο του ιερού.""",στράφηκε δεξιά για να ανάψει ένα κερί. Στη συνέχεια κοίταξε προς τ' αριστερά για να θαυμάσει το τέμπλο του ιερού.,Α
58,Ένα μπαλόνι δεν έχει ενιαίο χρώμα σε όλα τα σημεία του,"Α. ""επειδή το σχήμα του στα επιμέρους τμήματά του διαφέρει.""

Β. ""επειδή η πίεση του αέρα στα επιμέρους τμήματά του διαφέρει.""",επειδή η πίεση του αέρα στα επιμέρους τμήματά του διαφέρει.,Β
59,Ένα κομμάτι πλαστελίνη έχει περισσότερες πιθανότητες να επιπλεύσει στο νερό,"Α. ""εάν είναι κούφιο.""

Β. ""εάν δεν είναι κούφιο.""",εάν είναι κούφιο.,Α
60,Μία ημέρα με δυνατό μελτέμι ξεσπά πυρκαγιά στο κέντρο μεγάλης χορτολιβαδικής έκτασης στην οποία η επιφάνεια του εδάφους δεν παρουσιάζει ιδιαίτερες εξάρσεις.,"Α. ""Οι πυροσβέστες αποφασίζουν να προσεγγίσουν τη φωτιά από το νότο.""

Β. ""Οι πυροσβέστες αποφασίζουν να προσεγγίσουν τη φωτιά από το βορρά.""",Οι πυροσβέστες αποφασίζουν να προσεγγίσουν τη φωτιά από το βορρά.,Β
61,"Για την ανάσχεση μιας έρπουσας πυρκαγιάς, χρησιμοποείται η μέθοδος του «αντιπυρός». Σύμφωνα με αυτή τη μέθοδο, μια ελεγχόμενη γραμμή φωτιάς, αρκετά μπροστά από το κύριο μέτωπο, καίει με κατεύθυνση προς την επερχόμενη πυρκαγιά. Πώς ακριβώς αυτή η τακτική σταματά φυσικά την κύρια φωτιά;","Α. ""Το αντιπύρ καταναλώνει το διαθέσιμο οξυγόνο στην πορεία της κύριας πυρκαγιάς. Ως αποτέλεσμα το κύριο μέτωπο στερείται οξυγόνου, ενός από τα τρία στοιχεία του «τριγώνου της φωτιάς», και έτσι σβήνει ή επιβραδύνεται δραματικά.""

Β. ""Το αντιπύρ καταναλώνει την καύσιμη ύλη στην πορεία της κύριας πυρκαγιάς. Ως αποτέλεσμα το κύριο μέτωπο στερείται καύσιμης ύλης, ενός από τα τρία στοιχεία του «τριγώνου της φωτιάς», και έτσι σβήνει ή επιβραδύνεται δραματικά.""","Το αντιπύρ καταναλώνει την καύσιμη ύλη στην πορεία της κύριας πυρκαγιάς. Ως αποτέλεσμα το κύριο μέτωπο στερείται καύσιμης ύλης, ενός από τα τρία στοιχεία του «τριγώνου της φωτιάς», και έτσι σβήνει ή επιβραδύνεται δραματικά.",Β
62,Με ποιο μέρος της μουριάς τρέφονται οι μεταξοσκώληκες στη σηροτροφία;,"Α. ""Με τους καρπούς.""

Β. ""Με τα φύλλα.""",Με τα φύλλα.,Β
63,"Ένας πυροσβέστης βρίσκεται μπροστά από κτήριο στο οποίο φλέγεται ο δεύτερος όροφος. Ο κάθε όροφος του κτηρίου έχει ύψος 4 μέτρα. Ο πυροσβέστης έχει δύο ολκωτές κλίμακες τριπλής ανάπτυξης. Η πρώτη κλίμακα αποτελείται από κλιμάκια περίπου 3,50 μέτρων. Η δεύτερη κλίμακα αποτελείται από κλιμάκια περίπου 5,50 μέτρων.","Α. ""Η μικρότερη κλίμακα που μπορεί να χρησιμοποιήσει ο πυροσβέστης είναι η πρώτη.""

Β. ""Η μικρότερη κλίμακα που μπορεί να χρησιμοποιήσει ο πυροσβέστης είναι η δεύτερη.""",Η μικρότερη κλίμακα που μπορεί να χρησιμοποιήσει ο πυροσβέστης είναι η πρώτη.,Α
64,Σε τι υλικό αναρριχώνται οι μεταξοσκώληκες για να πλέξουν το κουκούλι στη σηροτροφία;,"Α. ""Σε φυσικά κλαδιά.""

Β. ""Σε φυσικά ή τεχνητά κλαδιά.""",Σε φυσικά ή τεχνητά κλαδιά.,Β
65,"Η Ευρωπαϊκή Συμφωνία για τις Διεθνείς Οδικές Μεταφορές Επικίνδυνων Εμπορευμάτων (Συμφωνία ADR) προβλέπει ότι τα οχήματα που μεταφέρουν επικίνδυνες ύλες πρέπει να φέρουν τουλάχιστον δύο ορθογώνιες αντανακλαστικές πινακίδες σε πορτοκαλί χρώμα, μία στο εμπρόσθιο και μία στο οπίσθιο μέρος του οχήματος. Οι πορτοκαλί αυτές πινακίδες αποτελούνται από δύο μέρη.","Α. ""Στο επάνω μέρος αναγράφεται ο αριθμός αναγνώρισης κινδύνου που ενέχει η ουσία που μεταφέρει το όχημα. Στο κάτω μέρος αναγράφεται ο αριθμός αναγνώρισης της ουσίας που μεταφέρει το όχημα.""

Β. ""Στο επάνω μέρος αναγράφεται ο αριθμός αναγνώρισης της ουσίας που μεταφέρει το όχημα. Στο κάτω μέρος αναγράφεται ο αριθμός αναγνώρισης κινδύνου που ενέχει η ουσία που μεταφέρει το όχημα.""",Στο επάνω μέρος αναγράφεται ο αριθμός αναγνώρισης κινδύνου που ενέχει η ουσία που μεταφέρει το όχημα. Στο κάτω μέρος αναγράφεται ο αριθμός αναγνώρισης της ουσίας που μεταφέρει το όχημα.,Α
66,"Στη σηροτροφία, αναπίνηση είναι η διαδικασία κατά την οποία","Α. ""ξετυλίγεται η κλωστή από το κουκούλι και τυλίγεται σε ανέμες.""

Β. ""ξετυλίγεται η κλωστή από το κουκούλι και τυλίγεται σε κουβάρι.""",ξετυλίγεται η κλωστή από το κουκούλι και τυλίγεται σε ανέμες.,Α
67,"Οι πυρκαγιές χωρίζονται σε τέσσερις βασικές κατηγορίες ανάλογα με τη φύση της καύσιμης ύλης (στερεά καύσιμα, υγρά καύσιμα, αέρια καύσιμα και εύφλεκτα μέταλλα).","Α. ""Σε μια πυρκαγιά της πρώτης κατηγορίας πρέπει να χρησιμοποιηθεί πυροσβεστήρας ξηράς σκόνης ή διοξειδίου του άνθρακα, ενώ σε μια πυρκαγιά της τρίτης κατηγορίας μπορεί να χρησιμοποιηθεί νερό.""

Β. ""Σε μια πυρκαγιά της πρώτης κατηγορίας μπορεί να χρησιμοποιηθεί νερό, ενώ σε μια πυρκαγιά της τρίτης κατηγορίας πρέπει να χρησιμοποιηθεί πυροσβεστήρας ξηράς σκόνης ή διοξειδίου του άνθρακα.""","Σε μια πυρκαγιά της πρώτης κατηγορίας μπορεί να χρησιμοποιηθεί νερό, ενώ σε μια πυρκαγιά της τρίτης κατηγορίας πρέπει να χρησιμοποιηθεί πυροσβεστήρας ξηράς σκόνης ή διοξειδίου του άνθρακα.",Β
68,"Για να φύγει η κόλλα από το μεταξωτό νήμα,","Α. ""πρέπει να βραστεί καλά σε καυτό νερό, σαπούνι και σόδα.""

Β. ""πρέπει να εμβαπτιστεί σε νερό, σαπούνι και σόδα.""","πρέπει να βραστεί καλά σε καυτό νερό, σαπούνι και σόδα.",Α
69,Δεν πρέπει να γίνεται καύση ξερών χόρτων και κλαδιών,"Α. ""κατά τους φθινοπωρινούς μηνες.""

Β. ""κατά τους θερινούς μήνες.""",κατά τους θερινούς μήνες.,Β
70,"Στημόνι είναι το σύνολο των ινών υψηλής ποιότητας, ίδιου μήκους, οι οποίες","Α. ""τεντώνονται και δένονται παράλληλα στις επάνω και κάτω ράβδους του αργαλειού.""

Β. ""τεντώνονται και δένονται κάθετα στις επάνω και κάτω ράβδους του αργαλειού.""",τεντώνονται και δένονται παράλληλα στις επάνω και κάτω ράβδους του αργαλειού.,Α
71,Πώς φτιάχνουν μόνοι τους πηλό οι παραδοσιακοί αγγειοπλάστες;,"Α. ""Τον ξεχώνουν από το χώμα, τον κοπανούν να γίνει ψιλός, τον πλένουν και τέλος τον κοσκινίζουν.""

Β. ""Τον ξεχώνουν από το χώμα, τον κοπανούν να γίνει ψιλός και τέλος τον κοσκινίζουν.""","Τον ξεχώνουν από το χώμα, τον κοπανούν να γίνει ψιλός και τέλος τον κοσκινίζουν.",Β
72,"Ως προφύλαξη για πιθανή πυρκαγιά,","Α. ""κλαδέψτε τα ξερά κλαδιά από τα δένδρα και τους θάμνους.""

Β. ""όλα τα κλαδιά από τα δένδρα και τους θάμνους.""",κλαδέψτε τα ξερά κλαδιά από τα δένδρα και τους θάμνους.,Α
73,Πού στερεώνεται το στημόνι του κάθετου αργαλειού;,"Α. ""Πάνω σε μία τάβλα.""

Β. ""Πάνω σε δύο ράβδους.""",Πάνω σε δύο ράβδους.,Β
74,"Για λόγους ασφαλείας, τα καλύμματα στις καμινάδες και τους αεραγωγούς του σπιτιού","Α. ""είναι προτιμότερο να φτιάχνονται από πλαστικό.""

Β. ""είναι προτιμότερο να φτιάχνονται από μέταλλο.""",είναι προτιμότερο να φτιάχνονται από μέταλλο.,Β
75,Η ύφανση στον κάθετο αργαλειό γίνεται,"Α. ""από επάνω προς τα κάτω.""

Β. ""από κάτω προς τα επάνω.""",από κάτω προς τα επάνω.,Β
76,"Σε περίπτωση πυρκαγιάς,","Α. ""μαζέψτε τις τέντες στα μπαλκόνια.""

Β. ""μαζέψτε τις μάνικες στα μπαλκόνια.""",μαζέψτε τις τέντες στα μπαλκόνια.,Α
77,"Σε σχήμα είναι τυλιγμένο το κουβάρι με το νήμα του κάθετου αργαλειού, ώστε να μην μπλέκεται;","Α. ""Είναι τυλιγμένο σε σχήμα οχταριού.""

Β. ""Είναι τυλιγμένο σε σχήμα σφαιρικό.""",Είναι τυλιγμένο σε σχήμα οχταριού.,Α
78,"Ένα ξένο σώμα στο αυτί μπορεί να προκαλέσει πόνο, μείωση της ακοής, τραυματισμό του ακουστικού τυμπάνου και του ακουστικού πόρου. Αντιμετωπίζουμε το πρόβλημα ως εξής:","Α. ""Γυρνάμε το κεφάλι έτσι ώστε το αυτί που βρίσκεται το ξένο σώμα να είναι προς τα κάτω, τραβώντας το λοβό του αυτιού προς τα πίσω και κάτω. Αν πρόκειται για έντομο που πετάει, γυρνάμε το κεφάλι έτσι ώστε το αυτί στο οποίο βρίσκεται το έντομο να είναι προς τα πάνω.""

Β. ""Γυρνάμε το κεφάλι έτσι ώστε το αυτί που βρίσκεται το ξένο σώμα να είναι προς τα πάνω, τραβώντας το λοβό του αυτιού προς τα μπρος και πάνω. Αν πρόκειται για έντομο που πετάει, γυρνάμε το κεφάλι έτσι ώστε το αυτί στο οποίο βρίσκεται το έντομο να είναι προς τα κάτω.""","Γυρνάμε το κεφάλι έτσι ώστε το αυτί που βρίσκεται το ξένο σώμα να είναι προς τα κάτω, τραβώντας το λοβό του αυτιού προς τα πίσω και κάτω. Αν πρόκειται για έντομο που πετάει, γυρνάμε το κεφάλι έτσι ώστε το αυτί στο οποίο βρίσκεται το έντομο να είναι προς τα πάνω.",Α
79,"Τα μιτάρια στον αργαλειό προέρχονται από το δέσιμο με θηλιά δύο νημάτων, εκ των οποίων,","Α. ""το ένα βρίσκεται στο επάνω μέρος και το άλλο στο κάτω μέρος, ενώ έχει ίδιο σχήμα, μέγεθος και δέσιμο με το πρώτο.""

Β. ""το ένα βρίσκεται στο επάνω μέρος και το άλλο στο κάτω μέρος, ενώ διαφέρει σε σχήμα, μέγεθος και δέσιμο με το πρώτο.""","το ένα βρίσκεται στο επάνω μέρος και το άλλο στο κάτω μέρος, ενώ έχει ίδιο σχήμα, μέγεθος και δέσιμο με το πρώτο.",Α
80,"Σε περίπτωση δήγματος από δηλητηριώδες φίδι σε άκρο του σώματος και παρουσίας συμπτωμάτων όπως εμετός, ζάλη, αδυναμία κ.λπ., το θύμα πρέπει να διακομιστεί στο νοσοκομείο.","Α. ""Επίσης, ένα από τα μέτρα αντιμετώπισης είναι η ακινητοποίηση του άκρου πάνω από το ύψος της καρδιάς.""

Β. ""Επίσης, ένα από τα μέτρα αντιμετώπισης είναι η ακινητοποίηση του άκρου κάτω από το ύψος της καρδιάς.""","Επίσης, ένα από τα μέτρα αντιμετώπισης είναι η ακινητοποίηση του άκρου κάτω από το ύψος της καρδιάς.",Β
81,Σκοπός της χρήσης αδραχτιών είναι,"Α. ""να μην αφήσουν τα νήματα του αργαλειού να αλλάξουν κατεύθυνση.""

Β. ""να μην αφήσουν τα νήματα του αργαλειού να μπερδευτούν.""",να μην αφήσουν τα νήματα του αργαλειού να μπερδευτούν.,Β
82,Το χτένι του αργαλειού είναι ένα σύστημα,"Α. ""από σχισμές, που εμφανίζονται κάθετα και στα δύο άκρα και σχηματίζουν ένα σχήμα σαν χτένα.""

Β. ""από εξογκώματα, που εμφανίζονται κάθετα και στα δύο άκρα και σχηματίζουν ένα σχήμα σαν χτένα.""","από σχισμές, που εμφανίζονται κάθετα και στα δύο άκρα και σχηματίζουν ένα σχήμα σαν χτένα.",Α
83,"Η καστανιά είναι φυλλοβόλο και αιωνόβιο δέντρο,","Α. ""με μεγάλα πριονωτά φύλλα και δυνατό κορμό.""

Β. ""με μεγάλα λοβώδη φύλλα και δυνατό κορμό.""",με μεγάλα πριονωτά φύλλα και δυνατό κορμό.,Α
84,"Με τη βοήθεια της σαΐτας, το νήμα του υφαδιού","Α. ""μπαίνει στο στόμα των στημονιών.""

Β. ""τυλίγεται γύρω από το στόμα των στημονιών.""",μπαίνει στο στόμα των στημονιών.,Α
85,Οι χορευτές στον καλαματιανό χορό,"Α. ""πιάνονται από τα χέρια.""

Β. ""πιάνονται από τους ώμους.""",πιάνονται από τα χέρια.,Α
86,Το κλασικό ρόφημα χαμομηλιού για επίδεση τραύματος και επούλωσης παρασκευάζεται,"Α. ""από καυτό νερό και φύλλα χαμομηλιού.""

Β. ""από καυτό νερό και άνθη χαμομηλιού.""",από καυτό νερό και άνθη χαμομηλιού.,Β
87,Πάνω στο νήμα πλεξίματος αναγράφεται,"Α. ""το σχήμα βελόνας που πρέπει να χρησιμοποιηθεί.""

Β. ""το νούμερο βελόνας που πρέπει να χρησιμοποιηθεί.""",το νούμερο βελόνας που πρέπει να χρησιμοποιηθεί.,Β
88,Πότε πρέπει να συλλέγεται το φρέσκο χαμομήλι;,"Α. ""Μετά από βροχή.""

Β. ""Ποτέ μετά από βροχή.""",Μετά από βροχή.,Α
89,"Για να ρίξουμε πόντους πλέκοντας με το βελονάκι,","Α. ""κάνουμε θηλιά γύρω από μία βελόνα.""

Β. ""τοποθετούμε το νήμα κάτω από τη βελόνα.""",κάνουμε θηλιά γύρω από μία βελόνα.,Α
90,"Στον ανάποδο πόντο στο πλέξιμο,","Α. ""η δεξιά βελόνα περνά μέσα από τους πόντους της αριστερής.""

Β. ""η αριστερή βελόνα περνά μέσα από τους πόντους της δεξιάς.""",η δεξιά βελόνα περνά μέσα από τους πόντους της αριστερής.,Α
91,"Στην κρεατόπιτα, τσιγαρίζουμε πρώτα το κρέας ώστε να μαλακώσει,","Α. ""το κόβουμε σε πολύ μικρά κομματάκια και το ρίχνουμε στο μείγμα.""

Β. ""το πολτοποιούμε στο πολυμηχάνημα και το ρίχνουμε στο μείγμα.""",το κόβουμε σε πολύ μικρά κομματάκια και το ρίχνουμε στο μείγμα.,Α
92,"Για τη χορτόπιτα, πλένουμε πρώτα καλά τα χόρτα και στη συνέχεια","Α. ""τα στίβουμε καλά μέχρι να στραγγίσουν.""

Β. ""τα αφήνουμε στο σουρωτήρι μέχρι να στραγγίσουν.""",τα αφήνουμε στο σουρωτήρι μέχρι να στραγγίσουν.,Β
93,Τα φύλλα που βάζουμε στη χορτόπιτα,"Α. ""τα ζεματίζουμε με λάδι στο τηγάνι.""

Β. ""τα ζεματίζουμε σε νερό που βράζει.""",τα ζεματίζουμε σε νερό που βράζει.,Β
94,"Όταν ψήνουμε αντικριστό,","Α. ""το κρέας απλώνεται παράλληλα με το έδαφος.""

Β. ""το κρέας απλώνεται κάθετα προς το έδαφος.""",το κρέας απλώνεται κάθετα προς το έδαφος.,Β
95,Ποιο τμήμα του μεταξοσκώληκα συλλέγεται στην παραδοσιακή σηροτροφία;,"Α. ""Τα αυγά του.""

Β. ""Η ουρά του.""",Τα αυγά του.,Α
96,"H γκάιντα είναι παραδοσιακό πνευστό μουσικό όργανο, που αποτελείται","Α. ""από ασκό και από ξύλινο μέρος.""

Β. ""από ασκό και από μεταλλικό μέρος.""",από ασκό και από μεταλλικό μέρος.,Β
97,Τα οχήματα με εκσκαφείς χρησιμοποιούνται σε διάφορες χωματουργικές εργασίες πάνω και κάτω από την επιφάνεια στην οποία βρίσκεται το όχημα.,"Α. ""Για εκσκαφή κάτω από την επιφάνεια είναι κατάλληλος ένας εκσκαφέας με ανεστραμμένο κάδο. Αντίθετα για εκσκαφή χαλαρών εδαφών και φόρτωση υλικών πάνω από την επιφάνεια καταλληλότερος είναι ένας εκσκαφέας με μετωπικό κάδο φόρτωσης.""

Β. ""Για εκσκαφή κάτω από την επιφάνεια είναι κατάλληλος ένας εκσκαφέας με μετωπικό κάδο. Αντίθετα για εκσκαφή χαλαρών εδαφών και φόρτωση υλικών πάνω από την επιφάνεια καταλληλότερος είναι ένας εκσκαφέας με ανεστραμμένο κάδο φόρτωσης.""",Για εκσκαφή κάτω από την επιφάνεια είναι κατάλληλος ένας εκσκαφέας με ανεστραμμένο κάδο. Αντίθετα για εκσκαφή χαλαρών εδαφών και φόρτωση υλικών πάνω από την επιφάνεια καταλληλότερος είναι ένας εκσκαφέας με μετωπικό κάδο φόρτωσης.,Α
98,"Στο ξυλουργείο, θέλουμε να μειώσουμε το μήκος ενός ξυλοτεμαχίου με ένα ταινιοπρίονο.","Α. ""Πραγματοποιούμε πρίση οριζόντια προς τις ίνες του ξυλοτεμαχίου.""

Β. ""Πραγματοποιούμε πρίση κάθετα προς τις ίνες του ξυλοτεμαχίου.""",Πραγματοποιούμε πρίση κάθετα προς τις ίνες του ξυλοτεμαχίου.,Β
99,Για τη σχεδίαση ενός κτηρίου και ενός μηχανολογικού εξαρτήματος,"Α. ""είναι πιθανόν να χρησιμοποιήσουμε τις κλίμακες 1:200 και 1:5, αντίστοιχα.""

Β. ""είναι πιθανόν να χρησιμοποιήσουμε τις κλίμακες 1:10 και 1:100, αντίστοιχα.""","είναι πιθανόν να χρησιμοποιήσουμε τις κλίμακες 1:200 και 1:5, αντίστοιχα.",Α
100,"Για την κίνηση των λυμάτων μέσα στα δίκτυα αποχέτευσης, οι οριζόντιοι σωλήνες πρέπει να έχουν μια συνεχή καθοδική κλίση προς τον τελικό προορισμό των λυμάτων.","Α. ""Η κλίση αυτή πρέπει να είναι μεγαλύτερη του 1:20 ή του 5%, δηλαδή στο 1 m μήκος το κατέβασμα να υπερβαίνει τα 5 εκατοστά, ώστε να μην παρατηρείται θόρυβος στους σωλήνες από την οριζόντια κίνηση των λυμάτων.""

Β. ""Η κλίση αυτή πρέπει να είναι μικρότερη του 1:20 ή του 5%, δηλαδή στο 1 m μήκος το κατέβασμα να μην υπερβαίνει τα 5 εκατοστά, ώστε να μην παρατηρείται θόρυβος στους σωλήνες από την οριζόντια κίνηση των λυμάτων.""","Η κλίση αυτή πρέπει να είναι μικρότερη του 1:20 ή του 5%, δηλαδή στο 1 m μήκος το κατέβασμα να μην υπερβαίνει τα 5 εκατοστά, ώστε να μην παρατηρείται θόρυβος στους σωλήνες από την οριζόντια κίνηση των λυμάτων.",Β
101,Η ταχύτητα ροής των λυμάτων μέσα σε ένα δίκτυο αποχέτευσης,"Α. ""πρέπει να υπερβαίνει τα 0,7 m/s προκειμένου να αυτοκαθαρίζονται οι σωλήνες (αποφυγή συγκέντρωσης στερεών αποβλήτων).""

Β. ""πρέπει να μην υπερβαίνει τα 0,7 m/s προκειμένου να αυτοκαθαρίζονται οι σωλήνες (αποφυγή συγκέντρωσης στερεών αποβλήτων).""","πρέπει να υπερβαίνει τα 0,7 m/s προκειμένου να αυτοκαθαρίζονται οι σωλήνες (αποφυγή συγκέντρωσης στερεών αποβλήτων).",Α
102,"Κατά την κατασκευή μιας οικοδομής, τα ανοίγματα που θα δημιουργηθούν στο σκυρόδεμα θα πρέπει να επιτρέπουν τη μελλοντική εύκολη διέλευση των σωληνώσεων.","Α. ""Γι' αυτό το λόγο οι διάμετροι των προβλεπόμενων σωληνώσεων πρέπει να είναι τουλάχιστον 20% μεγαλύτερες από αυτές των πλαστικών σωλήνων οδηγών.""

Β. ""Γι' αυτό το λόγο οι διάμετροι των πλαστικών σωλήνων οδηγών πρέπει να είναι τουλάχιστον 20% μεγαλύτερες από αυτές των προβλεπόμενων σωληνώσεων.""",Γι' αυτό το λόγο οι διάμετροι των πλαστικών σωλήνων οδηγών πρέπει να είναι τουλάχιστον 20% μεγαλύτερες από αυτές των προβλεπόμενων σωληνώσεων.,Β
103,Η μαλακή ελληνική φέτα έχει χρώμα,"Α. ""λευκό ή υποκίτρινο.""

Β. ""λευκό μόνο.""",λευκό μόνο.,Β
104,"Όταν κόβουμε τη φρέσκια ελληνική φέτα,","Α. ""σπάει σε μεγάλα κομμάτια χωρίς να θρυμματίζεται.""

Β. ""δεν σπάει σε μεγάλα κομμάτια και θρυμματίζεται.""",σπάει σε μεγάλα κομμάτια χωρίς να θρυμματίζεται.,Α
105,Η βαρελίσια χύμα φέτα πωλείται,"Α. ""σε μεγάλα τρίγωνα κομμάτια.""

Β. ""σε μεγάλα τετράγωνα κομμάτια.""",σε μεγάλα τρίγωνα κομμάτια.,Α
106,Τι χρώμα αποκτά η φέτα που χαλάει μετά από καιρό;,"Α. ""Κίτρινο.""

Β. ""Μαύρο.""",Κίτρινο.,Α
107,Πώς μπορούμε να συντηρήσουμε τη φέτα για περισσότερες ημέρες;,"Α. ""Βυθίζοντάς τη σε σπορέλαιο.""

Β. ""Βυθίζοντάς τη σε άλμη.""",Βυθίζοντάς τη σε άλμη.,Β
108,Το ψήσιμο του γύρου γίνεται σε κατακόρυφη θέση,"Α. ""για να μη στάζουν τα λίπη παντού.""

Β. ""για να ψήνεται ομοιόμορφα παντού.""",για να ψήνεται ομοιόμορφα παντού.,Β
109,"Σύμφωνα με τους κανόνες για την αποφυγή συγκρούσεων στη θάλασσα, όταν δύο ιστιοφόρα πλησιάζουν μεταξύ τους τόσο, ώστε να υπάρχει κίνδυνος σύγκρουσης, και δέχονται τον άνεμο από διαφορετική πλευρά,","Α. ""εκείνο που δέχεται τον άνεμο από την δεξιά πλευρά οφείλει να απομακρύνεται από την πορεία του άλλου.""

Β. ""εκείνο που δέχεται τον άνεμο από την αριστερή πλευρά οφείλει να απομακρύνεται από την πορεία του άλλου.""",εκείνο που δέχεται τον άνεμο από την αριστερή πλευρά οφείλει να απομακρύνεται από την πορεία του άλλου.,Β
110,"Σύμφωνα με τους κανόνες για την αποφυγή συγκρούσεων στη θάλασσα, όταν υπάρχει κίνδυνος σύγκρουσης μεταξύ δύο πλοίων που αντιπλέουν με σχεδόν αντίθετες πορείες,","Α. ""κάθε πλοίο πρέπει να μεταβάλει πορεία προς τα δεξιά ώστε να διέλθουν ασφαλώς.""

Β. ""κάθε πλοίο πρέπει να μεταβάλει πορεία προς τα αριστερά ώστε να διέλθουν ασφαλώς.""",κάθε πλοίο πρέπει να μεταβάλει πορεία προς τα δεξιά ώστε να διέλθουν ασφαλώς.,Α
111,"Σύμφωνα με τους κανόνες για τα ηχητικά σήματα πλοίων κατά την εκτέλεση χειρισμών, όταν βρίσκονται ""εν όψει αλλήλων"",","Α. ""ένα βραχύ σφύριγμα σηματοδοτεί αλλαγή πορείας προς τα δεξιά.""

Β. ""δύο βραχέα σφυρίγματα σηματοδοτούν αλλαγή πορείας προς τα δεξιά.""",ένα βραχύ σφύριγμα σηματοδοτεί αλλαγή πορείας προς τα δεξιά.,Α
112,Στον μπλε κάδο ανακύκλωσης μπορεί κανείς να ρίξει,"Α. ""χάρτινες συσκευασίες και χαρτοκιβώτια, αλουμινένια ή λευκοσιδηρικά κουτάκια και πλαστικές κατασκευές.""

Β. ""χάρτινες συσκευασίες και χαρτοκιβώτια, αλουμινένια ή λευκοσιδηρικά κουτάκια, χάρτινα περιτυλίγματα και πλαστικές κατασκευές.""","χάρτινες συσκευασίες και χαρτοκιβώτια, αλουμινένια ή λευκοσιδηρικά κουτάκια και πλαστικές κατασκευές.",Α
113,"Για την βελτιστοποίηση της πορείας ενός πλοίου, οι απαιτήσεις δρομολόγησης περιλαμβάνουν","Α. ""τη μετάβαση από ένα σημείο σε ένα άλλο με την αποφυγή περιοχών υψηλού κυματισμού και την όσο το δυνατό μικρότερη κατανάλωση καυσίμου.""

Β. ""τη μετάβαση από ένα σημείο σε ένα άλλο με την διέλευση από περιοχές υψηλού κυματισμού και την όσο το δυνατό μεγαλύτερη κατανάλωση καυσίμου.""",τη μετάβαση από ένα σημείο σε ένα άλλο με την αποφυγή περιοχών υψηλού κυματισμού και την όσο το δυνατό μικρότερη κατανάλωση καυσίμου.,Α
114,"Κατά τη διαδικασία της απορρύπανσης,","Α. ""διαχωρίζονται τα χρήσιμα από τα άχρηστα ανακυκλώσιμα υλικά.""

Β. ""απομακρύνονται οι επικίνδυνες ουσίες από τα ανακυκλώσιμα υλικά.""",απομακρύνονται οι επικίνδυνες ουσίες από τα ανακυκλώσιμα υλικά.,Β
115,"Προκειμένου να επιτυγχάνεται η περιβαλλοντικά αποδεκτή λειτουργία μιας μονάδας ΧΥΤΑ,","Α. ""ελέγχονται και παρακολουθούνται τα υπόγεια και επιφανειακά ύδατα, τα στραγγίσματα, το βιοαέριο, οι καθιζήσεις και η συγκέντρωση μεθανίου.""

Β. ""ελέγχονται και παρακολουθούνται τα υπόγεια και επιφανειακά ύδατα, τα στραγγίσματα, το βιοαέριο, οι καθιζήσεις, η συγκέντρωση μεθανίου και διάφορες μετεωρολογικές παράμετροι.""","ελέγχονται και παρακολουθούνται τα υπόγεια και επιφανειακά ύδατα, τα στραγγίσματα, το βιοαέριο, οι καθιζήσεις, η συγκέντρωση μεθανίου και διάφορες μετεωρολογικές παράμετροι.",Β
116,"Αν βρείτε ένα ορφανό νεοσσό χωρίς φτερά και κοντά σε μια άθικτη φωλιά,","Α. ""τοποθετήστε το μωρό πίσω στη φωλιά και παρατηρήστε από απόσταση. Αν δεν το επισκεφτούν οι γονείς του, επικοινωνήστε με ένα κέντρο περίθαλψης άγριων ζώων.""

Β. ""κατασκευάστε μια νέα φωλιά και παρατηρήστε από απόσταση. Αν το επισκεφτούν οι γονείς του, επικοινωνήστε με ένα κέντρο περίθαλψης άγριων ζώων.""","τοποθετήστε το μωρό πίσω στη φωλιά και παρατηρήστε από απόσταση. Αν δεν το επισκεφτούν οι γονείς του, επικοινωνήστε με ένα κέντρο περίθαλψης άγριων ζώων.",Α
117,"Όταν συναντήσετε ένα ταλαιπωρημένο ή πληγωμένο ζώο, μη χορηγήσετε νερό αν δεν είστε βέβαιοι για το ζώο και τη φυσιολογική συμπεριφορά του.","Α. ""Προτιμήστε να του χορηγήσετε νερό με ένα πιατάκι και όχι από μπουκάλι. Στη δεύτερη περίπτωση υπάρχει κίνδυνος εισρόφησης.""

Β. ""Προτιμήστε να του χορηγήσετε νερό από μπουκάλι και όχι σε πιατάκι. Στη δεύτερη περίπτωση υπάρχει κίνδυνος εισρόφησης.""",Προτιμήστε να του χορηγήσετε νερό με ένα πιατάκι και όχι από μπουκάλι. Στη δεύτερη περίπτωση υπάρχει κίνδυνος εισρόφησης.,Α
118,Προσεγγίστε ένα πληγωμένο ζώο μόνο αν έχετε επαρκείς γνώσεις ακινητοποίησής του και είστε βέβαιοι για τη συμπεριφορά του.,"Α. ""Κατά την περιποίησή του χρησιμοποιήστε τολύπια από βαμβάκι. Αποφύγετε τις βαμβακερές γάζες ή πετσέτες που μπορεί να αφήσουν νήματα στην πληγή.""

Β. ""Κατά την περιποίησή του χρησιμοποιήστε βαμβακερές γάζες ή πετσέτες. Αποφύγετε τα τολύπια από βαμβάκι που μπορεί να αφήσουν νήματα στην πληγή.""",Κατά την περιποίησή του χρησιμοποιήστε βαμβακερές γάζες ή πετσέτες. Αποφύγετε τα τολύπια από βαμβάκι που μπορεί να αφήσουν νήματα στην πληγή.,Β
119,"Για τις κατοικίες που δεν διαθέτουν ανελκυστήρα και δεν διασφαλίζουν προσβασιμότητα σε άτομα με αναπηρία και μειωμένη κινητικότητα,","Α. ""είναι δυνατή η τοποθέτηση διάταξης ράμπας ή αναβατορίου, που θα διασφαλίζει την πρόσβαση των ΑμεΑ κλπ. από το πεζοδρόμιο στους εσωτερικούς/εξωτερικούς κοινόχρηστους χώρους κατά παρέκκλιση κάθε ισχύουσας διάταξης ή κανονισμού.""

Β. ""είναι υποχρεωτική η τοποθέτηση διάταξης ράμπας ή αναβατορίου, που θα διασφαλίζει την πρόσβαση των ΑμεΑ κλπ. από το πεζοδρόμιο στους εσωτερικούς/εξωτερικούς κοινόχρηστους χώρους κατά παρέκκλιση κάθε ισχύουσας διάταξης ή κανονισμού.""","είναι δυνατή η τοποθέτηση διάταξης ράμπας ή αναβατορίου, που θα διασφαλίζει την πρόσβαση των ΑμεΑ κλπ. από το πεζοδρόμιο στους εσωτερικούς/εξωτερικούς κοινόχρηστους χώρους κατά παρέκκλιση κάθε ισχύουσας διάταξης ή κανονισμού.",Α
120,"Όταν ένα νεογνό υγιές οπληφόρο περιμένει τη μητέρα του,","Α. ""είναι φυσιολογικό να την περιμένει κουλουριασμένο στο έδαφος.""

Β. ""είναι αφύσικο να την περιμένει κουλουριασμένο στο έδαφος.""",είναι φυσιολογικό να την περιμένει κουλουριασμένο στο έδαφος.,Α
121,"Αν καταλάβω ότι η μηχανή του αυτοκινήτου μου δυσκολεύεται και το αυτοκίνητό μου κινδυνεύει να σταματήσει,","Α. ""ανεβάζω ταχύτητα.""

Β. ""κατεβάζω ταχύτητα.""",κατεβάζω ταχύτητα.,Β
122,"Αν έχουμε την κατάλληλη εκπαίδευση και εξουσιοδότηση για τη σύλληψη και συγκράτηση ζώων,","Α. ""μετά τη συγκράτησή του προσπαθούμε να καλύψουμε τους οφθαλμούς ενός ζώου ώστε να επιτύχουμε περιορισμό των ερεθισμάτων και μείωση του στρες.""

Β. ""μετά τη συγκράτησή του προσπαθούμε να καλύψουμε τα ρουθούνια ενός ζώου ώστε να επιτύχουμε περιορισμό των ερεθισμάτων και μείωση του στρες.""",μετά τη συγκράτησή του προσπαθούμε να καλύψουμε τους οφθαλμούς ενός ζώου ώστε να επιτύχουμε περιορισμό των ερεθισμάτων και μείωση του στρες.,Α
123,Ποια είναι η σωστή θέση των χεριών πάνω στο τιμόνι σε αντιστοιχία με την ώρα που δείχνει ένα ρολόι;,"Α. ""Εννέα και τέταρτο.""

Β. ""Έντεκα και πέντε.""",Εννέα και τέταρτο.,Α
124,Σε τι σχηματισμό πετούν τα πουλιά για να μειώνουν την αντίσταση του αέρα;,"Α. ""Σε σχηματισμό V.""

Β. ""Σε σχηματισμό W.""",Σε σχηματισμό V.,Α
125,Η χρήση του φλας είναι υποχρεωτική,"Α. ""όταν σκοπεύω να στρίψω δεξιά ή αριστερά.""

Β. ""όταν σκοπεύω να στρίψω ή να κάνω ελιγμό.""",όταν σκοπεύω να στρίψω ή να κάνω ελιγμό.,Β
126,Ποια είδη της τοπικής πανίδας μπορεί να βλάψει η τοποθέτηση ανεμογεννητριών;,"Α. ""Τα πτηνά.""

Β. ""Τα ψάρια.""",Τα πτηνά.,Α
127,"Πού βρίσκεται το αριστερό μου πόδι σε ένα μη αυτόματο αυτοκίνητο, όταν δεν πρόκειται να βάλω ή να αλλάξω ταχύτητα;","Α. ""Ακίνητο πάνω στο πεντάλ.""

Β. ""Ακίνητο δίπλα στο πεντάλ.""",Ακίνητο δίπλα στο πεντάλ.,Β
128,Στο κέντρο μιας πόλης είναι πιθανό να δεις,"Α. ""αλκυόνες.""

Β. ""κοτσύφια.""",κοτσύφια.,Β
129,Ο ήχος της κόρνας ενός αυτοκινήτου πρέπει να είναι,"Α. ""συνεχής με τον ίδιο τόνο.""

Β. ""εναλλασσόμενος με διαφορετικούς τόνους.""",συνεχής με τον ίδιο τόνο.,Α
130,"Τα επικίνδυνα οικιακά απόβλητα, όπως δοχεία από λακ ή αποσμητικά, χρώματα, κόλλες και βερνίκια","Α. ""συλλέγονται μαζί με τα γενικά οικιακά απόβλητα.""

Β. ""συλλέγονται χωριστά από τα γενικά οικιακά απόβλητα.""",συλλέγονται χωριστά από τα γενικά οικιακά απόβλητα.,Β
131,Τα φώτα διασταύρωσης ενός αυτοκινήτου,"Α. ""έχουν εμβέλεια τουλάχιστον 40 μ.""

Β. ""έχουν εμβέλεια τουλάχιστον 100 μ.""",έχουν εμβέλεια τουλάχιστον 40 μ.,Α
132,Απαραίτητη προϋπόθεση για να θεωρηθεί ένα δημόσιο κτίριο ή δημόσιος χώρος προσβάσιμος,"Α. ""είναι η ύπαρξη τουαλέτας για την εξυπηρέτηση ειδικών κατηγοριών χρηστών με αντίστοιχη σήμανση.""

Β. ""είναι η ύπαρξη τουαλέτας για την εξυπηρέτηση κάθε κατηγορίας χρηστών με αντίστοιχη σήμανση.""",είναι η ύπαρξη τουαλέτας για την εξυπηρέτηση κάθε κατηγορίας χρηστών με αντίστοιχη σήμανση.,Β
133,"Όταν το τιμόνι του αυτοκινήτου ταλαντεύεται σε υψηλές ταχύτητες,","Α. ""χρειάζεται να γίνει ζυγοστάθμιση.""

Β. ""χρειάζεται να γίνει ευθυγράμμιση.""",χρειάζεται να γίνει ζυγοστάθμιση.,Α
134,Ποιες βασικές προϋποθέσεις πρέπει να πληρεί ένα δάπεδο για να είναι καθολικά προσβάσιμο;,"Α. ""Να είναι σταθερό, αντιολισθηρό και άφλεκτο.""

Β. ""Να είναι σταθερό, αντιολισθηρό και ανοιχτόχρωμο.""","Να είναι σταθερό, αντιολισθηρό και άφλεκτο.",Α
135,Τι μπορεί να συμβεί σε ένα αυτοκίνητο με χαλασμένο θερμοστάτη;,"Α. ""Απότομη πτώση της θερμοκρασίας.""

Β. ""Απότομη άνοδος της θερμοκρασίας.""",Απότομη άνοδος της θερμοκρασίας.,Β
136,Η Μαντώ έστριψε αριστερά το κλειδί,"Α. ""κι έσβησε τη μηχανή.""

Β. ""κι άναψε τη μηχανή.""",κι έσβησε τη μηχανή.,Α
137,Τα καυσαέρια που εκπέμπονται από το αυτοκίνητο είναι πιο επιβλαβή,"Α. ""αν αφαιρεθεί ο καταλύτης.""

Β. ""αν αφαιρεθεί το φίλτρο.""",αν αφαιρεθεί ο καταλύτης.,Α
138,"Η μπουκαπόρτα κατέβαινε με γοργούς ρυθμούς ώσπου, με ένα δυνατό θόρυβο","Α. ""ακούμπησε βαριεστημένα στη θάλασσα.""

Β. ""ακούμπησε βαριεστημένα στην αποβάθρα.""",ακούμπησε βαριεστημένα στην αποβάθρα.,Β
139,Ποια συνέπεια έχει ένα ακάθαρτο φίλτρο αέρα;,"Α. ""Ο κινητήρας ξεκινά με δυσκολία.""

Β. ""Η κατανάλωση καυσίμου είναι μεγαλύτερη.""",Η κατανάλωση καυσίμου είναι μεγαλύτερη.,Β
140,Σε τι οφείλεται ο μπλε καπνός που βγαίνει από την εξάτμιση ενός βενζινοκίνητου αυτοκινήτου;,"Α. ""Στην καύση του λαδιού.""

Β. ""Στην καύση της βενζίνης.""",Στην καύση της βενζίνης.,Β
141,"Αν δεν λειτουργεί ο ανεμιστήρας,","Α. ""μπορεί να υπερθερμανθεί ο κινητήρας.""

Β. ""μπορεί να υπερθερμανθεί η αντλία νερού.""",μπορεί να υπερθερμανθεί ο κινητήρας.,Α
142,Τα καινούργια ελαστικά φοριούνται κατά προτίμηση,"Α. ""στα μπροστινά λάστιχα.""

Β. ""στα οπίσθια λάστιχα.""",στα μπροστινά λάστιχα.,Α
143,"Αν χαλαρώσει ο ιμάντας της αντλίας νερού ψύξεως,","Α. ""μπορεί να υπερθερμανθεί ο κινητήρας.""

Β. ""μπορεί να κάνει πολύ θόρυβο ο κινητήρας.""",μπορεί να υπερθερμανθεί ο κινητήρας.,Α
144,Για να αναπτυχθεί το ραδίκι θέλει,"Α. ""μια ηλιόλουστη θέση, χώμα που να στραγγίζει πολύ καλά, να είναι αφράτο και πλούσιο σε οργανικές ουσίες.""

Β. ""μια σκιερή θέση, χώμα που να στραγγίζει πολύ καλά, να είναι αφράτο και πλούσιο σε οργανικές ουσίες.""","μια ηλιόλουστη θέση,  χώμα που να στραγγίζει πολύ καλά, να είναι αφράτο και πλούσιο σε οργανικές ουσίες.",Α
145,Μια ένδειξη ότι η εξάτμιση του αυτοκινήτου χρειάζεται αντικατάσταση,"Α. ""είναι η υπερβολική κατανάλωση καυσίμου.""

Β. ""είναι ο υπερβολικός θόρυβος.""",είναι ο υπερβολικός θόρυβος.,Β
146,"Αν συγκρίνουμε τον κέδρο και το πεύκο,","Α. ""η οσμή του κέδρου είναι περισσότερο ρητινώδης και η οσμή του πεύκου περισσότερο αρωματική.""

Β. ""η οσμή του κέδρου είναι περισσότερο αρωματική και η οσμή του πεύκου περισσότερο ρητινώδης.""",η οσμή του κέδρου είναι περισσότερο αρωματική και η οσμή του πεύκου περισσότερο ρητινώδης.,Β
147,"Για το τζάκι,","Α. ""ένα από τα καλύτερα ξύλα είναι η ελιά, που παράγει μικρή και ήρεμη φωτιά, ανάβει σχετικά εύκολα και καίγεται αργά. Αντίθετα, ξύλα όπως το πλατάνι που περιέχουν αρκετή υγρασία πρέπει να αποφεύγονται καθώς παράγουν πολύ καπνό.""

Β. ""ένα από τα καλύτερα ξύλα είναι το πλατάνι, που παράγει μικρή και ήρεμη φωτιά, ανάβει σχετικά εύκολα και καίγεται αργά. Αντίθετα, ξύλα όπως η ελιά που περιέχουν αρκετή υγρασία πρέπει να αποφεύγονται καθώς παράγουν πολύ καπνό.""","ένα από τα καλύτερα ξύλα είναι η ελιά, που παράγει μικρή και ήρεμη φωτιά, ανάβει σχετικά εύκολα και καίγεται αργά. Αντίθετα, ξύλα όπως το πλατάνι που περιέχουν αρκετή υγρασία πρέπει να αποφεύγονται καθώς παράγουν πολύ καπνό.",Α
148,"Κάθε καλοκαίρι οι παραγωγοί μαστίχας υπό τις οδηγίες του συνδέσμου παραγωγών μαστίχας προετοιμάζουν κατάλληλα τα μαστιχόδεντρα,","Α. ""γρατζουνώντας λίγο λίγο τους κορμούς μέχρι τη στιγμή που το πολύτιμο δάκρυ της Χίου ξεκινά σταγόνα σταγόνα να κάνει την εμφάνισή του.""

Β. ""γρατζουνώντας λίγο λίγο τις ρίζες μέχρι τη στιγμή που το πολύτιμο δάκρυ της Χίου ξεκινά σταγόνα σταγόνα να κάνει την εμφάνισή του.""",γρατζουνώντας λίγο λίγο τους κορμούς μέχρι τη στιγμή που το πολύτιμο δάκρυ της Χίου ξεκινά σταγόνα σταγόνα να κάνει την εμφάνισή του.,Α
149,"Παραδοσιακά, το τρίγωνο που χτυπούν τα παιδιά και που ακούγεται όταν λένε τα κάλαντα είναι","Α. ""φτιαγμένο από ξύλο.""

Β. ""φτιαγμένο από μέταλλο.""",φτιαγμένο από μέταλλο.,Β
150,"Αν φυτέψεις μια ελιά σε έναν ανεμοδαρμένο, πετρώδη λόφο στην Κρήτη, θα επιβιώσει και θα κάνει ελιές;","Α. ""Όχι, οι ελιές δεν είναι ανθεκτικές και δεν ευδοκιμούν σε ξηρό, πετρώδες έδαφος.""

Β. ""Ναι, οι ελιές είναι ανθεκτικές και ευδοκιμούν σε ξηρό, πετρώδες έδαφος.""","Όχι, οι ελιές δεν είναι ανθεκτικές και δεν ευδοκιμούν σε ξηρό, πετρώδες έδαφος.",Α
151,"Όσο πιο λεπτός είναι ο σπάγκος του χαρταετού,","Α. ""τόσο μικρότερη αντίσταση έχει στον αέρα, βοηθώντας τον αετό να φτάσει ψηλότερα.""

Β. ""τόσο μεγαλύτερη αντίσταση έχει στον αέρα, βοηθώντας τον αετό να φτάσει ψηλότερα.""","τόσο μικρότερη αντίσταση έχει στον αέρα, βοηθώντας τον αετό να φτάσει ψηλότερα.",Α
152,Τι θα συμβεί αν φυτέψεις φτέρες σε κάποιο ξήρό νησί των Κυκλάδων;,"Α. ""Θα ευδοκιμήσουν, για αγαπούν τον ήλιο.""

Β. ""Δεν θα ευδοκιμήσουν, για δεν αγαπούν την ξηρασία.""","Δεν θα ευδοκιμήσουν, για δεν αγαπούν την ξηρασία.",Β
153,"Για να μπορέσουν οι πιστοί να βουτήξουν στο νερό και να πιάσουν τον σταυρό των Φώτων,","Α. ""πρέπει το νερό να είναι αρκετά καθαρό.""

Β. ""πρέπει το νερό να είναι αρκετά βαθύ.""",πρέπει το νερό να είναι αρκετά βαθύ.,Β
154,"Ποια όργανα ακούγονται πιο δυνατά στα ελληνικά πανηγύρια, αν δεν υπάρχει μικρόφωνο;","Α. ""Τα κλαρίνα.""

Β. ""Τα βιολιά.""",Τα κλαρίνα.,Α
155,"Κατά τη χρήση απινιδωτή, στον γυμνό και στεγνό θώρακα του θύματος","Α. ""το ένα αυτοκόλλητο ηλεκτρόδιο το βάζουμε αριστερά μια παλάμη κάτω από την μασχάλη και το άλλο λίγο πιο κάτω από την δεξιά κλείδα.""

Β. ""το ένα αυτοκόλλητο ηλεκτρόδιο το βάζουμε δεξιά μια παλάμη κάτω από την μασχάλη και το άλλο λίγο πιο κάτω από την αριστερή κλείδα.""",το ένα αυτοκόλλητο ηλεκτρόδιο το βάζουμε δεξιά μια παλάμη κάτω από την μασχάλη και το άλλο λίγο πιο κάτω από την αριστερή κλείδα.,Β
156,"Σύμφωνα με τις τεχνικές προδιαγραφές προσβασιμότητας, ποιο είναι το ελάχιστο πλάτος της εισόδου ενός κτηρίου ώστε να είναι προσβάσιμο;","Α. ""0,90μ.""

Β. ""1,20μ.""","0,90μ.",Α
157,Ανάμεσα στα συμπτώματα που δείχνουν ότι υπάρχει υπογλυκαιμία σε σακχαροδιαβητικούς είναι,"Α. ""δυσκολία στην αναπνοή, εφίδρωση, έντονο άλγος και μούδιασμα γύρω από το στόμα.""

Β. ""δυσκολία στην αναπνοή, εφίδρωση, σπασμοί και μούδιασμα γύρω από το στόμα.""","δυσκολία στην αναπνοή, εφίδρωση, σπασμοί και μούδιασμα γύρω από το στόμα.",Β
158,Με τι μπορούμε να μετακινήσουμε πρόχειρα έναν τραυματία μέχρι να έρθει ασθενοφόρο;,"Α. ""Με μια καρέκλα κουζίνας.""

Β. ""Με μια καρέκλα γραφείου.""",Με μια καρέκλα γραφείου.,Β
159,Πόσα δάχτυλα χρησιμοποιεί ένας βοσκός για να σφυρίξει στο κοπάδι του;,"Α. ""Δύο δάχτυλα, ώστε να δημιουργήσει στενωπό στα χείλη του για να περάσει ο αέρας.""

Β. ""Ένα δάχτυλο, ώστε να αφήσει μεγαλύτερο περιθώριο από όπου θα διέλθει ο αέρας κατά την εκπνοή.""","Δύο δάχτυλα, ώστε να δημιουργήσει στενωπό στα χείλη του για να περάσει ο αέρας.",Α
160,Οι βοσκοί χρησιμοποιούν σφύριγμα για να καλέσουν το κοπάδι τους,"Α. ""επειδή η συχνότητά τους διαφέρει από εκείνη της φωνής και μόνο αυτήν αναγνωρίζουν τα ζώα.""

Β. ""επειδή η συχνότητά του διαφέρει από εκείνη της φωνής και φτάνει πιο μακριά.""",επειδή η συχνότητά του διαφέρει από εκείνη της φωνής και φτάνει πιο μακριά.,Β
161,Η άμμος που τοποθετείται στα μανουάλια έχει σκοπό,"Α. ""να έχουν τα κεριά μεγαλύτερη διάρκεια.""

Β. ""να έχουν τα κεριά μεγαλύτερη σταθερότητα.""",να έχουν τα κεριά μεγαλύτερη σταθερότητα.,Β
162,Τα κορυφαία αυτά ρομπότ παλετοποίησης μας βοηθούν,"Α. ""στη μετακίνηση και τοποθέτηση ωφέλιμων φορτίων από 4 έως 9 κιλά.""

Β. ""στη μετακίνηση και τοποθέτηση ωφέλιμων φορτίων από 400 έως 900 κιλά.""",στη μετακίνηση και τοποθέτηση ωφέλιμων φορτίων από 400 έως 900 κιλά.,Β
163,Οι άνθρωποι της υπαίθρου τοποθετούσαν πάνω στα έπιπλα υφαντά ή κεντήματα,"Α. ""για να μην κάθεται σκόνη στα έπιπλα.""

Β. ""για να μη φαίνονται οι ατέλειες στα έπιπλα.""",για να μην κάθεται σκόνη στα έπιπλα.,Α
164,"Η εταιρεία υλοποίησε την εγκατάσταση συνεργατικού ρομπότ που διαθέτει ενσωματωμένη κάμερα και σύστημα Landmark, τα οποία του επιτρέπουν να αναγνωρίζει τη θέση του στον χώρο.","Α. ""Η τροχήλατη βάση του του επιτρέπει να παραμένει ακίνητο μεταξύ διαφορετικών σταθμών.""

Β. ""Η τροχήλατη βάση του του επιτρέπει να μετακινείται μεταξύ διαφορετικών σταθμών.""",Η τροχήλατη βάση του του επιτρέπει να μετακινείται μεταξύ διαφορετικών σταθμών.,Β
165,"Όταν μία δεξαμενή υγρού φορτίου εκτίθεται παρατεταμένα σε θερμότητα,","Α. ""εξαναγκάζεται σε ατμοποίηση αυξάνοντας έτσι περαιτέρω την πίεση εντός της δεξαμενής. Για τον λόγο αυτόν οι δεξαμενές πρέπει να εξοπλίζονται με ανακουφιστικές βαλβίδες πίεσης, ώστε να αποφεύγεται μέσω αυτών τυχόν υπερπίεση των δεξαμενών.""

Β. ""εξαναγκάζεται σε ατμοποίηση μειώνοντας έτσι περαιτέρω την πίεση εντός της δεξαμενής. Για τον λόγο αυτόν οι δεξαμενές πρέπει να εξοπλίζονται με ανακουφιστικές βαλβίδες πίεσης, ώστε να αποφεύγεται μέσω αυτών τυχόν υποπίεση των δεξαμενών.""","εξαναγκάζεται σε ατμοποίηση αυξάνοντας έτσι περαιτέρω την πίεση εντός της δεξαμενής. Για τον λόγο αυτόν οι δεξαμενές πρέπει να εξοπλίζονται με ανακουφιστικές βαλβίδες πίεσης, ώστε να αποφεύγεται μέσω αυτών τυχόν υπερπίεση των δεξαμενών.",Α
166,Το καλοκαίρι ήταν η εποχή που κατά παράδοση οι νομάδες Σαρακατσάνοι,"Α. ""κατέβαιναν από τα βουνά.""

Β. ""ανέβαιναν στα βουνά.""",ανέβαιναν στα βουνά.,Β
167,"Παρότι οι ατμοί του φυσικού αερίου είναι άχρωμοι,","Α. ""σε περίπτωση διαρροής σχηματίζεται χαρακτηριστικό λευκό νέφος υγρασίας στην περιβάλλουσα ατμόσφαιρα που θερμαίνεται απότομα από το διαρρέον ΦΑ.""

Β. ""σε περίπτωση διαρροής σχηματίζεται χαρακτηριστικό λευκό νέφος υγρασίας στην περιβάλλουσα ατμόσφαιρα που ψύχεται απότομα από το διαρρέον ΦΑ.""",σε περίπτωση διαρροής σχηματίζεται χαρακτηριστικό λευκό νέφος υγρασίας στην περιβάλλουσα ατμόσφαιρα που ψύχεται απότομα από το διαρρέον ΦΑ.,Β
168,Ποιο στοιχείο ήταν αναγκαίο για να επιλέξουν οι νομάδες Σαρακατσάνοι ένα μέρος για εγκατάσταση;,"Α. ""Η ύπαρξη πόσιμου νερού.""

Β. ""Η ύπαρξη μικρότερων ζώων.""",Η ύπαρξη πόσιμου νερού.,Α
169,"Στις δεξαμενές ενός πλοίων μεταφοράς υγροποιημένων αερίων, είναι απαραίτητο να υπάρχει σε αυτές μόνο το υγρό φορτίο και οι ατμοί του, ώστε να αποτρέπεται η ανάπτυξη εύφλεκτης ατμόσφαιρας.","Α. ""Για τον σκοπό αυτό το φορτίο διατηρείται στις δεξαμενές υπό θετική πίεση. Επιπλέον, σε όλα τα υγραεριοφόρα το σύστημα διακίνησης του φορτίου είναι κλειστό, ώστε να μην επιτρέπεται ο εξαερισμός προς την ατμόσφαιρα των ατμών που δημιουργούνται από την εξάτμιση του φορτίου κατά τη φόρτωση ή την εκφόρτωση.""

Β. ""Για τον σκοπό αυτό το φορτίο διατηρείται στις δεξαμενές υπό αρνητική πίεση. Επιπλέον, σε όλα τα υγραεριοφόρα το σύστημα διακίνησης του φορτίου είναι ανοιχτό, ώστε να επιτρέπεται ο εξαερισμός προς την ατμόσφαιρα των ατμών που δημιουργούνται από την εξάτμιση του φορτίου κατά τη φόρτωση ή την εκφόρτωση.""","Για τον σκοπό αυτό το φορτίο διατηρείται στις δεξαμενές υπό θετική πίεση. Επιπλέον, σε όλα τα υγραεριοφόρα το σύστημα διακίνησης του φορτίου είναι κλειστό, ώστε να μην επιτρέπεται ο εξαερισμός προς την ατμόσφαιρα των ατμών που δημιουργούνται από την εξάτμιση του φορτίου κατά τη φόρτωση ή την εκφόρτωση.",Α
170,Οι Σαρακατσάνοι επέλεγαν να εγκαθίστανται κοντά σε αστικά κέντρα,"Α. ""για να έχουν εύκολη πρόσβαση σε ιατρική βοήθεια.""

Β. ""για να έχουν εύκολη πρόσβαση στην τοπική αγορά.""",για να έχουν εύκολη πρόσβαση στην τοπική αγορά.,Β
171,Η φορτοεκφόρτωση των εμπορευματοκιβωτίων στα πλοία γίνεται με γερανογέφυρες.,"Α. ""Τα εμπορευματοκιβώτια ασφαλίζονται μεταξύ τους πάνω στο πλοίο με περιστρεφόμενα κλειδιά (τακούνια). Για την ανύψωσή τους με τη γερανογέφυρα τα κλειδιά αυτά απασφαλίζονται από τους λιμενεργάτες και έπειτα ασφαλίζονται στη γερανογέφυρα.""

Β. ""Τα εμπορευματοκιβώτια απασφαλίζονται μεταξύ τους πάνω στο πλοίο με περιστρεφόμενα κλειδιά (τακούνια). Για την ανύψωσή τους με τη γερανογέφυρα τα κλειδιά αυτά ασφαλίζονται από τους λιμενεργάτες και έπειτα απασφαλίζονται στη γερανογέφυρα.""",Τα εμπορευματοκιβώτια ασφαλίζονται μεταξύ τους πάνω στο πλοίο με περιστρεφόμενα κλειδιά (τακούνια). Για την ανύψωσή τους με τη γερανογέφυρα τα κλειδιά αυτά απασφαλίζονται από τους λιμενεργάτες και έπειτα ασφαλίζονται στη γερανογέφυρα.,Α
172,"Στα λιμάνια, η φορτοεκφόρτωση","Α. ""εμπορευματοκιβωτίων στα πλοία γίνεται με γερανό εφοδιασμένο με κάδο ή αρπάγη.""

Β. ""χύδην φορτίων στα πλοία γίνεται με γερανό εφοδιασμένο με κάδο ή αρπάγη.""",εμπορευματοκιβωτίων στα πλοία γίνεται με γερανό εφοδιασμένο με κάδο ή αρπάγη.,Α
173,"Αν υπάρχουν κυματισμοί κατά την φόρτωση του πλοίου,","Α. ""θα πρέπει να τοποθετείται συνδετική προέκταση στη ράμπα ώστε η μέγιστη κλίση να μην υπερβαίνει το 10%.""

Β. ""θα πρέπει να τοποθετείται συνδετική προέκταση στη ράμπα ώστε η μέγιστη κλίση να υπερβαίνει το 10%.""",θα πρέπει να τοποθετείται συνδετική προέκταση στη ράμπα ώστε η μέγιστη κλίση να μην υπερβαίνει το 10%.,Α
174,Η στάθμευση των οχημάτων εντός του πλοίου,"Α. ""πρέπει να γίνεται με τρόπο ώστε να εξασφαλίζεται η ανισοκατανομή φορτίου.""

Β. ""πρέπει να γίνεται με τρόπο ώστε να εξασφαλίζεται η ισοκατανομή φορτίου.""",πρέπει να γίνεται με τρόπο ώστε να εξασφαλίζεται η ισοκατανομή φορτίου.,Β
175,"Όταν φορτώνεις το σακίδιό σου για περπάτημα στο βουνό, ρύθμιζε το ύψος του","Α. ""ώστε το βάρος να πέφτει στο άνω μέρος της λεκάνης.""

Β. ""ώστε το βάρος να πέφτει στο άνω μέρος της μέσης.""",ώστε το βάρος να πέφτει στο άνω μέρος της λεκάνης.,Α
176,"Κατά την πορεία στο βουνό,","Α. ""πίνε πολύ νερό και θυμίσου να καταναλώνεις καφέδες και χυμούς, γιατί ενυδατώνουν.""

Β. ""πίνε πολύ νερό και θυμίσου να αποφεύγεις καφέδες και χυμούς, γιατί αφυδατώνουν.""","πίνε πολύ νερό και θυμίσου να αποφεύγεις καφέδες και χυμούς, γιατί αφυδατώνουν.",Β
177,Τον πρωτογνώρισα στον Πειραιά. Είχα κατέβει στο λιμάνι να πάρω το βαπόρι για την Κρήτη. Κόντευε να ξημερώσει. Έβρεχε. Φυσούσε δυνατή,"Α. ""σοροκάδα κι έφταναν οι πιτσιλιές της θάλασσας στο μικρό καφενεδάκι.""

Β. ""αύρα κι έφταναν οι πιτσιλιές της θάλασσας στο μικρό καφενεδάκι.""",σοροκάδα κι έφταναν οι πιτσιλιές της θάλασσας στο μικρό καφενεδάκι.,Α
178,"Τα ψάρια, παραζαλισμένα από τα χτυπήματα της φουρτούνας, είχαν βρει καταφύγι","Α. ""ψηλά στα ήσυχα νερά και περίμεναν πότε να γαληνέψει ο κόσμος κάτω.""

Β. ""χαμηλά στα ήσυχα νερά και περίμεναν πότε να γαληνέψει ο κόσμος απάνω.""",χαμηλά στα ήσυχα νερά και περίμεναν πότε να γαληνέψει ο κόσμος απάνω.,Β
179,Οποιαδήποτε εργασία υπό συνθήκες ψύχους,"Α. ""απαιτεί περισσότερο χρόνο σε σχέση με την ίδια εργασία υπό κανονικές συνθήκες.""

Β. ""απαιτεί λιγότερο χρόνο σε σχέση με την ίδια εργασία υπό κανονικές συνθήκες.""",απαιτεί περισσότερο χρόνο σε σχέση με την ίδια εργασία υπό κανονικές συνθήκες.,Α
180,"Αν σας έχει τελειώσει το νερό, μπορείτε να πιείτε λιωμένο χιόνι.","Α. ""Το νερό αυτό δεν έχει εμπλουτισθεί με άλατα και ιχνοστοιχεία από τη γη. Με τη συχνή του χρήση, θα νιώσετε εξάντληση, κράμπες και τάση για εμετό.""

Β. ""Το νερό αυτό έχει εμπλουτισθεί με άλατα και ιχνοστοιχεία από τη γη. Με τη συχνή του χρήση, θα αποφύγετε εξάντληση, κράμπες και τάση για εμετό.""","Το νερό αυτό δεν έχει εμπλουτισθεί με άλατα και ιχνοστοιχεία από τη γη. Με τη συχνή του χρήση, θα νιώσετε εξάντληση, κράμπες και τάση για εμετό.",Α
181,"Οι τεχνολογίες υπολογιστών άκρων φέρνουν τον υπολογισμό και την επεξεργασία δεδομένων πιο κοντά στην πηγή παραγωγής δεδομένων στα συστήματα IoT. Μεταφέροντας την επεξεργαστική ισχύ στην άκρη του δικτύου,","Α. ""κοντά στις συσκευές ή τους αισθητήρες, επιτρέπουν την ανάλυση δεδομένων σε πραγματικό χρόνο, τη λήψη τοπικών αποφάσεων, τη μείωση της καθυστέρησης και τη βελτίωση της αποδοτικότητας.""

Β. ""κοντά στην πύλη ή στο cloud, επιτρέπουν την ανάλυση δεδομένων σε πραγματικό χρόνο, τη λήψη τοπικών αποφάσεων, τη μείωση της καθυστέρησης και τη βελτίωση της αποδοτικότητας.""","κοντά στις συσκευές ή τους αισθητήρες, επιτρέπουν την ανάλυση δεδομένων σε πραγματικό χρόνο, τη λήψη τοπικών αποφάσεων, τη μείωση της καθυστέρησης και τη βελτίωση της αποδοτικότητας.",Α
182,"Τα σημεία κάτω από δένδρα και σε βυθίσματα του εδάφους,","Α. ""είναι κατάλληλες επιλογές για κατασκήνωση.""

Β. ""είναι ακατάλληλες επιλογές για κατασκήνωση.""",είναι ακατάλληλες επιλογές για κατασκήνωση.,Β
183,"Ποιες τεχνολογίες επιτρέπουν τη συλλογή και τη μετάδοση δεδομένων, καθώς και τον έλεγχο και την αυτοματοποίηση φυσικών συσκευών;","Α. ""Οι αισθητήρες και οι ενεργοποιητές.""

Β. ""Οι υπολογιστές άκρων και το cloud.""",Οι αισθητήρες και οι ενεργοποιητές.,Α
184,"Για την αποφυγή ατυχήματος σε περίπτωση σεισμού,","Α. ""τα βαριά αντικείμενα πρέπει να τοποθετούνται στα χαμηλότερα ράφια.""

Β. ""τα βαριά αντικείμενα πρέπει να τοποθετούνται στα ψηλότερα ράφια.""",τα βαριά αντικείμενα πρέπει να τοποθετούνται στα χαμηλότερα ράφια.,Α
185,"Οι IoT αισθητήρες και οι ενεργοποιητές συμβάλλουν στην οικοδόμηση και διαχείριση «έξυπνων» πόλεων,","Α. ""παρακολουθώντας την κυκλοφορία, τους χώρους άρδευσης, τη διαχείριση αποβλήτων και την κατανάλωση ενέργειας.""

Β. ""παρακολουθώντας την κυκλοφορία, τους χώρους στάθμευσης, τη διαχείριση αποβλήτων και την κατανάλωση ενέργειας.""","παρακολουθώντας την κυκλοφορία, τους χώρους στάθμευσης, τη διαχείριση αποβλήτων και την κατανάλωση ενέργειας.",Β
186,"Για την περίπτωση σεισμού, προσδιορίστε καλά προφυλαγμένους χώρους σε κάθε δωμάτιο του σπιτιού","Α. ""δίπλα σε εξωτερικούς τοίχους.""

Β. ""μακριά από εξωτερικούς τοίχους.""",μακριά από εξωτερικούς τοίχους.,Β
187,Επιλέξτε ένα ασφαλή χώρο συνάντησης μετά το σεισμό ο οποίος να βρίσκεται,"Α. ""μακριά από δέντρα.""

Β. ""κάτω από δέντρα""",μακριά από δέντρα.,Α
188,"Αν σε περίπτωση σεισμού βρίσκεστε σε εσωτερικό χώρο, καλυφθείτε κάτω από κάποιο ανθεκτικό έπιπλο (τραπέζι, γραφείο, θρανίο),","Α. ""γονατίστε και κρατήστε με τα χέρια σας το πόδι του.""

Β. ""γονατίστε και κοντράρετε με τα πόδια σας το πόδι του.""",γονατίστε και κρατήστε με τα χέρια σας το πόδι του.,Α
189,"Την ώρα που αντιλαμβανόμαστε ότι γίνεται σεισμός,","Α. ""είναι καλύτερο να βγούμε βγούμε από το σπίτι.""

Β. ""είναι καλύτερο να μη βγούμε από το σπίτι.""",είναι καλύτερο να μη βγούμε από το σπίτι.,Β
190,Κατά τη διάρκεια του καύσωνα είναι καλό να φοράμε,"Α. ""ελαφρά, άνετα και ανοιχτόχρωμα ρούχα.""

Β. ""ελαφρά, άνετα και σκουρόχρωμα ρούχα.""","ελαφρά, άνετα και ανοιχτόχρωμα ρούχα.",Α
191,"Αν ιδρώνετε πολύ όταν έχει καύσωνα,","Α. ""προσθέστε αλάτι στο φαγητό σας.""

Β. ""προσθέστε νερό στο φαγητό σας.""",προσθέστε αλάτι στο φαγητό σας.,Α
192,"Τις ημέρες με πολύ υψηλή θερμοκρασία και καύσωνα,","Α. ""κάνουμε χλιαρά ντους κατά τη διάρκεια της ημέρας.""

Β. ""κάνουμε κρύα ντους κατά τη διάρκεια της ημέρας.""",κάνουμε χλιαρά ντους κατά τη διάρκεια της ημέρας.,Α
193,"Σε περιοχές όπου έχει προηγηθεί κατολίσθηση,","Α. ""ο κίνδυνος εκδήλωσης επόμενης κατολίσθησης είναι μειωμένος.""

Β. ""ο κίνδυνος εκδήλωσης επόμενης κατολίσθησης είναι αυξημένος.""",ο κίνδυνος εκδήλωσης επόμενης κατολίσθησης είναι αυξημένος.,Β
194,Υπάρχει αυξημένη πιθανότητα να σημειωθεί κατολίσθηση,"Α. ""μετά από καύσωνα.""

Β. ""μετά από σεισμό.""",μετά από σεισμό.,Β
195,Κάποιος που βρίσκεται σε εσωτερικό χώρο ενώ γίνονται κατολισθήσεις,"Α. ""καλύτερο είναι να μετακινηθεί σε ψηλότερους ορόφους.""

Β. ""καλύτερο είναι να μετακινηθεί σε χαμηλότερους ορόφους.""",καλύτερο είναι να μετακινηθεί σε ψηλότερους ορόφους.,Α
196,Ο Πέτρος και ο Παύλος είναι κάτοχοι πανελλήνιων και παγκόσμιων ρεκόρ στις ρίψεις. Οι ρίψεις του Πέτρου πηγαίνουν πάντα πιο μακριά από του Παύλου.,"Α. ""Ο Πέτρος είναι σφαιροβόλος και ο Παύλος σφυροβόλος.""

Β. ""Ο Πέτρος είναι σφυροβόλος και ο Παύλος σφαιροβόλος.""",Ο Πέτρος είναι σφυροβόλος και ο Παύλος σφαιροβόλος.,Β
197,"To παγκόσμιο ρεκόρ στο ακόντιο γυναικών ήταν 74,20 μ. το 1982. Το 2008 το παγκόσμιο ρεκόρ ήταν 72,28 μ.","Α. ""Κάποια στιγμή ανάμεσα στα 2 ρεκόρ, τα ακόντια που χρησιμοποιούνται στους επίσημους αγώνες επανασχεδιάστηκαν έτσι ώστε το κέντρο βάρους να μετατοπιστεί προς τη μύτη του ακόντιου, με συνέπεια το όργανο να πέφτει πιο γρήγορα.""

Β. ""Κάποια στιγμή ανάμεσα στα 2 ρεκόρ, τα ακόντια που χρησιμοποιούνται στους επίσημους αγώνες επανασχεδιάστηκαν έτσι ώστε το κέντρο βάρους να μετατοπιστεί προς την ουρά του ακόντιου, με συνέπεια το όργανο να πέφτει πιο γρήγορα.""","Κάποια στιγμή ανάμεσα στα 2 ρεκόρ, τα ακόντια που χρησιμοποιούνται στους επίσημους αγώνες επανασχεδιάστηκαν έτσι ώστε το κέντρο βάρους να μετατοπιστεί προς τη μύτη του ακόντιου, με συνέπεια το όργανο να πέφτει πιο γρήγορα.",Α
198,"Αν σουτάρω σε γήπεδο με χορτάρι που είναι βρεγμένο, η μπάλα","Α. ""θα κυλήσει τόσο μακριά όσο αν σούταρα σε στεγνό χορτάρι και με την ίδια δύναμη λόγω της χαμηλής τριβής.""

Β. ""θα κυλήσει πιο μακριά από όσο αν σούταρα σε στεγνό χορτάρι και με την ίδια δύναμη λόγω της χαμηλής τριβής.""",θα κυλήσει πιο μακριά από όσο αν σούταρα σε στεγνό χορτάρι και με την ίδια δύναμη λόγω της χαμηλής τριβής.,Β
199,"Κατά την εκτέλεση ενός σουτ με άνεμο από αριστερά προς δεξιά, σε ποια κατεύθυνση της ποδοσφαιρικής εστίας πρέπει να σημαδέψεις;","Α. ""Στην αριστερή, δηλαδή αντίθετα από την κατεύθυνση του ανέμου για να μπει γκολ.""

Β. ""Στη δεξιά, δηλαδή αντίθετα από την κατεύθυνση του ανέμου για να μπει γκολ.""","Στην αριστερή, δηλαδή αντίθετα από την κατεύθυνση του ανέμου για να μπει γκολ.",Α
200,Η αντίσταση του νερού στην κολύμβηση,"Α. ""μειώνεται όταν το κεφάλι είναι ευθυγραμμισμένο με τον κορμό.""

Β. ""μειώνεται όταν το κεφάλι είναι ευθυγραμμισμένο με τον κορμό.""",μειώνεται όταν το κεφάλι είναι ευθυγραμμισμένο με τον κορμό.,Α
201,"Μπορείς να μειώσεις τη δύναμη μιας δυνατής μπαλιάς όταν παίζεις μήλα,","Α. ""αν πιάνοντάς την τραβήξεις τα χέρια προς τα πίσω.""

Β. ""αν πιάνοντάς την κρατήσεις τα χέρια σταθερά μπροστά.""",αν πιάνοντάς την τραβήξεις τα χέρια προς τα πίσω.,Α
202,Τι κάνει ένας καραγκιοζοπαίχτης στο παραδοσιακό ελληνικό θέατρο σκιών;,"Α. ""Κινεί τις φιγούρες, κάνει τις φωνές, επιλέγει τη μουσική και τα ηχητικά εφέ.""

Β. ""Κατασκευάζει και κινεί τις φιγούρες, κάνει τις φωνές, επιλέγει τη μουσική και τα ηχητικά εφέ.""","Κινεί τις φιγούρες, κάνει τις φωνές, επιλέγει τη μουσική και τα ηχητικά εφέ.",Α
203,Ο μπερντές του ελληνικού θεάτρου σκιών είναι φτιαγμένος,"Α. ""από μουσαμά.""

Β. ""από πανί.""",από πανί.,Β
204,"Στο ελληνικό θέατρο σκιών, οι φιγούρες που εμφανίζονται","Α. ""στέκονται στον αέρα.""

Β. ""στέκονται πάνω σε ράμπα.""",στέκονται πάνω σε ράμπα.,Β
205,Οι φιγούρες στο ελληνικό θέατρο σκιών κατασκευάζονται,"Α. ""από χαρτόνι, δέρμα ή διαφανές πλαστικό.""

Β. ""από χαρτόνι, δέρμα ή πηλό.""","από χαρτόνι, δέρμα ή διαφανές πλαστικό.",Α
206,"Από τι υλικό είναι η σούστα, που κινεί τη φιγούρα στο ελληνικό θέατρο σκιών;","Α. ""Από ξύλο.""

Β. ""Από μέταλλο.""",Από μέταλλο.,Β
207,Ο Σταύρακας στο ελληνικό θέατρο σκιών κρατάει συνήθως,"Α. ""έναν μπαγλαμά.""

Β. ""ένα κομπολόι.""",ένα κομπολόι.,Β
208,"Εκτός από τον Καραγκιόζη, ποιος άλλος χαρακτήρας του ελληνικού θεάτρου σκιών έχει μακρύ χέρι;","Α. ""Ο Χατζηαβάτης.""

Β. ""Ο Σταύρακας.""",Ο Σταύρακας.,Β
