id,generated_answer,correct_answer
334,"Γ. ""Επαναλήψεις μονοσύλλαβων ολόκληρων λέξεων""  

Ο εξελικτικός τραυλισμός χαρακτηρίζεται από συγκεκριμένα συμπτώματα, όπως:  
- **Α. ""Ηχηρό μπλοκάρισμα""** (δυσκολία στην έναρξη της ομιλίας).  
- **Β. ""Σιωπηλό μπλοκάρισμα""** (ψιθυριστά ή σιωπηλά μπλοκαρίσματα).  
- **Γ. ""Επαναλήψεις ολόκληρων δισύλλαβων λέξεων""** (π.χ. ""μα-μα-μα-μα..."").  

Οι **επαναλήψεις μονοσύλλαβων λέξεων** (π.χ. ""μα-μα-μα"") είναι πιο χαρακτηριστικές του **νευρογενή τραυλισμού**, όχι του εξελικτικού.  

**Απάντηση: Γ**",Γ
