id,generated_answer,correct_answer
px2tqq,"Η σωστή απάντηση είναι η **Α**.

Η απάντηση αυτή καλύπτει με τον πιο ολοκληρωμένο και πρακτικό τρόπο όλα τα ερωτήματα της φοιτήτριας:
1.  Δίνει γενικές οδηγίες για τη μορφή (word/template, ορθογραφία, bullet points).
2.  Απαντά συγκεκριμένα για την εκπαίδευση (αναφορά σχολής και ημερομηνιών).
3.  Διευκρινίζει ότι η έλλειψη εμπειρίας δεν αναφέρεται, αλλά συμπληρώνεται με οτιδήποτε σχετικό.
4.  Τονίζει τη σημασία του αρχείου PDF για τη διατήρηση της μορφοποίησης.
5.  Συμβουλεύει για την αναγραφή μόνο της περιοχής (για λόγους προστασίας προσωπικών δεδομένων) και τον τρόπο παρουσίασης των ξένων γλωσσών.
6.  Προτείνει πώς να παρουσιαστούν τα skills και τα ενδιαφέροντα με ειλικρίνεια και μέτρο.
7.  Ενθαρρύνει τη φοιτήτρια σχετικά με τις πιθανότητες επιλογής της, παρά την έλλειψη προϋπηρεσίας, καθώς η θέση απευθύνεται συγκεκριμένα σε φοιτητές.",Β
